activity_id,agent_name,activity_timestamp,activity_type,workstream,data_split,processing_duration_ms,records_processed,causal_paths_analyzed,confidence_level,impact_estimate,roi_estimate,status
AGT-TRA-00001,prediction_synthesizer,2024-10-11T04:19:15Z,action,WS3,train,8585,665,190,0.95,14414530,7.7,failed
AGT-TRA-00002,causal_chain_analyzer,2024-04-27T10:25:21Z,action,WS3,train,8679,508,44,0.72,15159944,7.2,completed
AGT-TRA-00003,heterogeneous_optimizer,2024-11-04T03:52:43Z,analysis,WS1,train,4450,862,65,0.9,12527584,8.8,completed
AGT-TRA-00004,feedback_learner,2024-09-24T03:54:10Z,prediction,WS2,train,8068,833,45,0.8,6235322,5.5,failed
AGT-TRA-00005,multiplier_discoverer,2024-12-09T20:10:43Z,monitoring,WS3,train,9213,616,181,0.76,6068723,5.9,failed
AGT-TRA-00006,prediction_synthesizer,2024-10-19T05:23:44Z,action,WS3,train,5727,726,57,0.76,3569463,8.4,completed
AGT-TRA-00007,prediction_synthesizer,2024-11-04T18:16:06Z,monitoring,WS3,train,3640,696,170,0.75,15515577,6.4,failed
AGT-TRA-00008,causal_chain_analyzer,2024-07-19T09:12:55Z,monitoring,WS3,train,1150,290,56,0.88,7892987,4.8,failed
AGT-TRA-00009,prediction_synthesizer,2024-10-27T07:25:35Z,analysis,WS3,train,6516,602,70,0.72,2805948,7.8,pending
AGT-TRA-00010,data_drift_monitor,2024-08-12T16:55:16Z,analysis,WS3,train,3632,336,73,0.79,15789356,7.8,failed
AGT-TRA-00011,feedback_learner,2024-01-03T15:43:16Z,analysis,WS2,train,8355,393,11,0.9,18607907,9.4,failed
AGT-TRA-00012,heterogeneous_optimizer,2024-08-07T22:41:36Z,action,WS3,train,7045,212,98,0.83,17030518,5.3,failed
AGT-TRA-00013,multiplier_discoverer,2024-02-18T15:22:30Z,prediction,WS3,train,688,841,93,0.96,12126008,2.6,failed
AGT-TRA-00014,heterogeneous_optimizer,2024-08-02T13:09:36Z,optimization,WS2,train,3306,176,104,0.86,11395996,2.8,completed
AGT-TRA-00015,causal_chain_analyzer,2024-10-01T22:52:15Z,optimization,WS3,train,1602,369,85,0.73,13973768,3.7,pending
AGT-TRA-00016,multiplier_discoverer,2024-05-17T15:07:43Z,analysis,WS1,train,7229,519,89,0.8,7830689,9.8,failed
AGT-TRA-00017,explainer_agent,2024-03-30T01:57:42Z,optimization,WS3,train,660,975,95,0.91,8549302,2.5,completed
AGT-TRA-00018,data_drift_monitor,2024-07-11T20:54:15Z,prediction,WS1,train,4773,147,117,0.94,16436459,8.7,failed
AGT-TRA-00019,causal_chain_analyzer,2024-12-03T05:50:35Z,prediction,WS3,train,3326,231,172,0.93,3859333,3.1,completed
AGT-TRA-00020,multiplier_discoverer,2024-06-20T09:39:52Z,action,WS3,train,9842,778,68,0.8,10408171,7.4,pending
AGT-TRA-00021,competitive_landscape,2024-09-21T20:36:40Z,prediction,WS1,train,1656,934,51,0.82,10742585,9.6,failed
AGT-TRA-00022,feedback_learner,2024-04-04T19:48:48Z,prediction,WS1,train,1936,323,165,0.94,7006995,3.9,completed
AGT-TRA-00023,causal_chain_analyzer,2024-12-14T14:50:59Z,action,WS3,train,7098,175,71,0.72,14595003,7.9,failed
AGT-TRA-00024,heterogeneous_optimizer,2024-10-30T11:49:28Z,analysis,WS1,train,4348,843,146,0.73,727885,3.9,failed
AGT-TRA-00025,competitive_landscape,2024-04-25T16:04:21Z,analysis,WS3,train,1113,949,21,0.74,16904053,3.2,completed
AGT-TRA-00026,heterogeneous_optimizer,2024-10-01T08:19:46Z,analysis,WS3,train,1929,468,21,0.74,8884236,9.8,completed
AGT-TRA-00027,feedback_learner,2024-06-13T21:40:09Z,action,WS2,train,3638,198,26,0.78,19358308,5.8,completed
AGT-TRA-00028,data_drift_monitor,2024-03-22T09:50:29Z,analysis,WS2,train,3575,669,89,0.89,8683653,3.7,completed
AGT-TRA-00029,heterogeneous_optimizer,2024-04-29T03:27:39Z,prediction,WS1,train,1210,431,102,0.72,1609428,8.4,failed
AGT-TRA-00030,explainer_agent,2024-11-23T13:34:29Z,analysis,WS1,train,696,654,84,0.73,4192255,3.9,failed
AGT-TRA-00031,feedback_learner,2024-05-09T16:42:53Z,action,WS2,train,2681,58,194,0.83,5023817,7.5,completed
AGT-TRA-00032,prediction_synthesizer,2024-09-20T16:52:51Z,action,WS2,train,7434,783,187,0.83,2955026,5.9,completed
AGT-TRA-00033,feedback_learner,2024-10-03T00:52:59Z,action,WS2,train,8546,443,131,0.91,12550886,8.9,completed
AGT-TRA-00034,feedback_learner,2024-07-13T05:16:47Z,monitoring,WS3,train,1752,141,64,0.87,2919396,6.3,pending
AGT-TRA-00035,feedback_learner,2024-03-27T16:26:04Z,prediction,WS1,train,5050,528,131,0.76,9324473,4.9,pending
AGT-TRA-00036,competitive_landscape,2024-04-08T05:19:01Z,optimization,WS3,train,8713,429,140,0.93,2935159,7.2,failed
AGT-TRA-00037,prediction_synthesizer,2024-11-17T16:18:29Z,optimization,WS1,train,9323,578,185,0.71,19519256,7.3,failed
AGT-TRA-00038,causal_chain_analyzer,2024-10-09T16:39:11Z,prediction,WS3,train,2252,366,134,0.93,17212719,4.7,completed
AGT-TRA-00039,multiplier_discoverer,2024-12-18T07:27:43Z,action,WS3,train,5829,254,179,0.81,4804637,2.3,failed
AGT-TRA-00040,heterogeneous_optimizer,2024-11-17T06:25:25Z,action,WS1,train,4359,607,56,0.83,19009291,4.5,completed
AGT-TRA-00041,explainer_agent,2025-01-01T06:50:41Z,prediction,WS3,train,5644,877,117,0.95,382970,3.1,completed
AGT-TRA-00042,feedback_learner,2024-10-13T22:52:30Z,analysis,WS2,train,3731,479,153,0.88,6338151,2.4,failed
AGT-TRA-00043,competitive_landscape,2024-05-19T10:30:29Z,optimization,WS1,train,5736,283,82,0.96,1308335,5.6,pending
AGT-TRA-00044,explainer_agent,2024-10-02T00:57:43Z,monitoring,WS2,train,8746,905,144,0.85,19823883,9.4,completed
AGT-TRA-00045,data_drift_monitor,2024-09-07T05:43:32Z,analysis,WS1,train,1134,476,45,0.89,406984,9.4,completed
AGT-TRA-00046,heterogeneous_optimizer,2024-10-25T15:51:54Z,monitoring,WS1,train,2544,811,54,0.78,3645026,7.5,failed
AGT-TRA-00047,feedback_learner,2024-09-16T16:25:25Z,action,WS3,train,755,923,81,0.73,871271,9.6,failed
AGT-TRA-00048,explainer_agent,2024-08-02T08:33:48Z,monitoring,WS2,train,1840,544,117,0.77,9274500,3.2,failed
AGT-TRA-00049,heterogeneous_optimizer,2024-02-18T23:10:42Z,optimization,WS2,train,1471,722,76,0.86,14005898,5.8,completed
AGT-TRA-00050,causal_chain_analyzer,2024-11-08T17:02:56Z,analysis,WS3,train,8088,487,13,0.76,5369058,4.6,completed
AGT-TRA-00051,heterogeneous_optimizer,2024-09-26T02:39:05Z,optimization,WS1,train,977,484,72,0.74,12723443,7.3,pending
AGT-TRA-00052,feedback_learner,2024-08-07T22:14:56Z,optimization,WS3,train,1480,782,64,0.88,2014180,4.1,completed
AGT-TRA-00053,multiplier_discoverer,2024-07-18T09:28:50Z,monitoring,WS2,train,8695,965,161,0.86,8861793,5.2,pending
AGT-TRA-00054,heterogeneous_optimizer,2024-03-03T11:10:24Z,monitoring,WS1,train,5128,885,145,0.73,6530683,2.5,pending
AGT-TRA-00055,heterogeneous_optimizer,2024-06-14T10:39:16Z,prediction,WS1,train,4554,95,77,0.96,12815634,8.5,completed
AGT-TRA-00056,multiplier_discoverer,2024-07-17T02:31:08Z,prediction,WS2,train,6516,618,30,0.95,16025924,2.5,completed
AGT-TRA-00057,prediction_synthesizer,2024-04-15T08:01:15Z,monitoring,WS2,train,3740,756,49,0.8,12895412,8.4,failed
AGT-TRA-00058,causal_chain_analyzer,2024-04-24T23:05:17Z,optimization,WS1,train,6724,151,90,0.73,5295427,3.6,completed
AGT-TRA-00059,competitive_landscape,2024-11-15T02:02:39Z,optimization,WS1,train,1588,126,161,0.93,1006607,7.1,completed
AGT-TRA-00060,causal_chain_analyzer,2024-05-27T06:13:16Z,monitoring,WS1,train,4560,764,112,0.88,6941843,2.4,completed
