metric_id,metric_date,metric_type,brand,region,data_split,value,target,achievement_rate,year_over_year_change,roi,statistical_significance
BM-20240101-Rem-no,2024-01-01,efficiency,Remibrutinib,northeast,train,52663.19,748056.41,1.15,-0.03,3.5,0.94
BM-20240101-Rem-so,2024-01-01,efficiency,Remibrutinib,south,train,680383.06,166604.23,0.79,0.07,4.0,0.95
BM-20240101-Rem-mi,2024-01-01,revenue,Remibrutinib,midwest,train,295152.27,832411.45,0.72,0.22,7.5,0.96
BM-20240101-Rem-we,2024-01-01,efficiency,Remibrutinib,west,train,767778.64,398883.95,0.72,0.28,3.6,0.94
BM-20240101-Fab-no,2024-01-01,revenue,Fabhalta,northeast,train,492124.0,472488.28,1.03,0.27,5.6,0.92
BM-20240101-Fab-so,2024-01-01,impact,Fabhalta,south,train,905209.3,141343.73,1.09,0.27,6.3,0.98
BM-20240101-Fab-mi,2024-01-01,quality,Fabhalta,midwest,train,263845.58,54712.04,0.98,0.17,6.0,0.96
BM-20240101-Fab-we,2024-01-01,impact,Fabhalta,west,train,515635.6,1003233.43,1.17,0.26,7.7,0.95
BM-20240101-Kis-no,2024-01-01,quality,Kisqali,northeast,train,278025.75,104320.94,1.08,-0.08,5.9,0.98
BM-20240101-Kis-so,2024-01-01,quality,Kisqali,south,train,644695.35,1174329.45,0.84,-0.06,4.7,0.92
BM-20240101-Kis-mi,2024-01-01,impact,Kisqali,midwest,train,455516.47,739212.94,0.86,0.08,2.3,0.99
BM-20240101-Kis-we,2024-01-01,efficiency,Kisqali,west,train,579241.09,1056395.27,0.75,0.2,4.1,0.96
BM-20240108-Rem-no,2024-01-08,impact,Remibrutinib,northeast,train,998358.94,1112668.07,0.83,-0.0,7.6,0.95
BM-20240108-Rem-so,2024-01-08,efficiency,Remibrutinib,south,train,445991.91,361879.62,0.94,0.14,4.3,0.91
BM-20240108-Rem-mi,2024-01-08,impact,Remibrutinib,midwest,train,839622.78,457324.84,1.09,-0.03,4.6,0.96
BM-20240108-Rem-we,2024-01-08,impact,Remibrutinib,west,train,148166.15,74456.45,1.19,0.21,7.8,0.96
BM-20240108-Fab-no,2024-01-08,adoption,Fabhalta,northeast,train,474926.72,261886.22,0.87,0.1,2.8,0.94
BM-20240108-Fab-so,2024-01-08,quality,Fabhalta,south,train,990322.63,1186973.73,0.78,-0.0,2.2,0.97
BM-20240108-Fab-mi,2024-01-08,quality,Fabhalta,midwest,train,663134.41,1037089.42,0.87,0.13,4.2,0.91
BM-20240108-Fab-we,2024-01-08,efficiency,Fabhalta,west,train,189812.4,934077.85,0.89,-0.1,5.2,0.97
BM-20240108-Kis-no,2024-01-08,revenue,Kisqali,northeast,train,876707.09,410368.62,0.95,0.12,4.4,0.95
BM-20240108-Kis-so,2024-01-08,adoption,Kisqali,south,train,40517.89,1083720.87,0.83,0.23,7.9,0.97
BM-20240108-Kis-mi,2024-01-08,quality,Kisqali,midwest,train,344994.03,239022.05,0.99,0.03,6.4,0.95
BM-20240108-Kis-we,2024-01-08,impact,Kisqali,west,train,891124.92,728445.27,1.13,0.25,6.8,0.97
BM-20240115-Rem-no,2024-01-15,revenue,Remibrutinib,northeast,train,739003.37,964502.74,0.91,-0.09,3.6,0.93
BM-20240115-Rem-so,2024-01-15,efficiency,Remibrutinib,south,train,789307.67,308311.86,0.92,0.3,6.7,0.97
BM-20240115-Rem-mi,2024-01-15,revenue,Remibrutinib,midwest,train,732276.14,797664.3,1.2,0.26,3.7,0.93
BM-20240115-Rem-we,2024-01-15,quality,Remibrutinib,west,train,91623.68,877927.41,1.11,0.26,3.4,0.98
BM-20240115-Fab-no,2024-01-15,quality,Fabhalta,northeast,train,442296.33,1051858.8,1.15,0.26,6.2,0.97
BM-20240115-Fab-so,2024-01-15,revenue,Fabhalta,south,train,741662.81,317135.54,0.89,0.1,4.6,0.95
BM-20240115-Fab-mi,2024-01-15,efficiency,Fabhalta,midwest,train,762709.8,873453.28,0.85,0.01,4.9,0.93
BM-20240115-Fab-we,2024-01-15,adoption,Fabhalta,west,train,631489.65,312070.67,1.06,0.14,5.0,0.92
BM-20240115-Kis-no,2024-01-15,adoption,Kisqali,northeast,train,711714.02,827968.52,0.79,0.15,2.8,0.96
BM-20240115-Kis-so,2024-01-15,impact,Kisqali,south,train,870823.73,1003880.07,0.96,0.24,7.5,0.91
BM-20240115-Kis-mi,2024-01-15,impact,Kisqali,midwest,train,787625.67,31943.74,1.05,-0.05,7.2,0.91
BM-20240115-Kis-we,2024-01-15,revenue,Kisqali,west,train,296573.65,338628.68,0.96,0.27,4.1,0.94
BM-20240122-Rem-no,2024-01-22,quality,Remibrutinib,northeast,train,80360.48,998606.56,1.03,-0.06,7.7,0.96
BM-20240122-Rem-so,2024-01-22,quality,Remibrutinib,south,train,396681.9,366590.55,0.91,0.14,3.4,0.91
BM-20240122-Rem-mi,2024-01-22,revenue,Remibrutinib,midwest,train,407850.69,985269.37,0.86,0.08,4.4,0.98
BM-20240122-Rem-we,2024-01-22,quality,Remibrutinib,west,train,754317.11,488405.78,0.89,0.09,4.6,0.94
BM-20240122-Fab-no,2024-01-22,efficiency,Fabhalta,northeast,train,485851.36,481947.95,0.98,-0.05,5.0,0.97
BM-20240122-Fab-so,2024-01-22,efficiency,Fabhalta,south,train,851369.52,180518.81,0.92,0.03,3.9,0.92
BM-20240122-Fab-mi,2024-01-22,quality,Fabhalta,midwest,train,370119.21,355708.98,1.01,0.11,5.2,0.95
BM-20240122-Fab-we,2024-01-22,impact,Fabhalta,west,train,492774.07,185155.67,0.88,0.2,2.9,0.9
BM-20240122-Kis-no,2024-01-22,revenue,Kisqali,northeast,train,690069.65,671502.5,1.05,0.07,5.6,0.95
BM-20240122-Kis-so,2024-01-22,impact,Kisqali,south,train,472739.07,820134.71,1.02,0.07,6.1,0.9
BM-20240122-Kis-mi,2024-01-22,quality,Kisqali,midwest,train,802402.29,180535.77,0.91,0.28,3.2,0.9
BM-20240122-Kis-we,2024-01-22,adoption,Kisqali,west,train,802099.4,118948.32,0.82,-0.02,5.3,0.92
BM-20240129-Rem-no,2024-01-29,impact,Remibrutinib,northeast,train,822553.52,298292.48,1.11,0.26,2.7,0.91
BM-20240129-Rem-so,2024-01-29,impact,Remibrutinib,south,train,270216.67,40420.9,0.88,0.1,3.9,0.95
BM-20240129-Rem-mi,2024-01-29,efficiency,Remibrutinib,midwest,train,377815.37,840387.52,0.88,0.13,2.6,0.91
BM-20240129-Rem-we,2024-01-29,adoption,Remibrutinib,west,train,417947.47,557089.01,0.83,0.08,7.7,0.92
BM-20240129-Fab-no,2024-01-29,revenue,Fabhalta,northeast,train,938084.76,1149810.38,1.14,-0.02,5.0,0.96
BM-20240129-Fab-so,2024-01-29,revenue,Fabhalta,south,train,660163.51,403891.53,1.18,0.28,7.5,0.94
BM-20240129-Fab-mi,2024-01-29,adoption,Fabhalta,midwest,train,660479.59,255950.46,1.12,0.18,5.5,0.96
BM-20240129-Fab-we,2024-01-29,impact,Fabhalta,west,train,442989.47,311648.19,0.93,0.11,2.8,0.99
BM-20240129-Kis-no,2024-01-29,quality,Kisqali,northeast,train,904918.3,835613.21,1.0,0.2,8.0,0.97
BM-20240129-Kis-so,2024-01-29,quality,Kisqali,south,train,137619.99,1034943.2,1.17,0.02,4.8,0.96
BM-20240129-Kis-mi,2024-01-29,adoption,Kisqali,midwest,train,595992.06,481101.22,1.14,0.27,3.7,0.94
BM-20240129-Kis-we,2024-01-29,efficiency,Kisqali,west,train,838144.84,590016.96,0.99,-0.02,4.9,0.97
BM-20240205-Rem-no,2024-02-05,impact,Remibrutinib,northeast,train,887580.96,72604.79,1.11,-0.1,5.9,0.98
BM-20240205-Rem-so,2024-02-05,quality,Remibrutinib,south,train,815058.31,733960.27,0.73,0.21,5.7,0.98
BM-20240205-Rem-mi,2024-02-05,adoption,Remibrutinib,midwest,train,838317.55,237629.16,1.18,0.08,2.6,0.91
BM-20240205-Rem-we,2024-02-05,efficiency,Remibrutinib,west,train,640572.31,692975.46,1.02,0.26,6.4,0.93
BM-20240205-Fab-no,2024-02-05,efficiency,Fabhalta,northeast,train,817354.26,871904.68,0.91,-0.03,2.2,0.94
BM-20240205-Fab-so,2024-02-05,quality,Fabhalta,south,train,413953.98,764121.07,0.82,-0.02,6.1,0.9
BM-20240205-Fab-mi,2024-02-05,adoption,Fabhalta,midwest,train,295069.37,882174.95,0.89,0.03,6.0,0.91
BM-20240205-Fab-we,2024-02-05,efficiency,Fabhalta,west,train,24348.56,78580.29,0.95,0.03,7.1,0.97
BM-20240205-Kis-no,2024-02-05,efficiency,Kisqali,northeast,train,74890.31,339280.48,0.78,-0.04,3.7,0.93
BM-20240205-Kis-so,2024-02-05,efficiency,Kisqali,south,train,58777.57,346823.52,0.71,0.28,5.6,0.97
BM-20240205-Kis-mi,2024-02-05,adoption,Kisqali,midwest,train,942244.36,625857.29,1.13,0.16,7.3,0.95
BM-20240205-Kis-we,2024-02-05,quality,Kisqali,west,train,34199.06,329022.88,0.7,0.27,3.2,0.9
BM-20240212-Rem-no,2024-02-12,impact,Remibrutinib,northeast,train,21904.39,588796.52,1.03,-0.03,6.1,0.96
BM-20240212-Rem-so,2024-02-12,adoption,Remibrutinib,south,train,939315.65,168124.1,1.13,0.09,5.9,0.94
BM-20240212-Rem-mi,2024-02-12,efficiency,Remibrutinib,midwest,train,349716.07,537390.69,0.73,-0.05,4.1,0.99
BM-20240212-Rem-we,2024-02-12,efficiency,Remibrutinib,west,train,327285.74,675538.29,0.75,0.09,2.6,0.98
BM-20240212-Fab-no,2024-02-12,quality,Fabhalta,northeast,train,433710.78,417408.98,1.04,0.13,6.8,0.95
BM-20240212-Fab-so,2024-02-12,adoption,Fabhalta,south,train,611144.31,227390.03,1.05,0.23,7.8,0.93
BM-20240212-Fab-mi,2024-02-12,revenue,Fabhalta,midwest,train,215617.15,316799.77,1.13,0.15,5.4,0.94
BM-20240212-Fab-we,2024-02-12,quality,Fabhalta,west,train,622542.81,892912.96,1.19,0.16,4.0,0.92
BM-20240212-Kis-no,2024-02-12,efficiency,Kisqali,northeast,train,814232.59,575687.81,0.81,0.25,5.4,0.97
BM-20240212-Kis-so,2024-02-12,impact,Kisqali,south,train,866219.57,1039491.81,0.81,0.27,6.1,0.91
BM-20240212-Kis-mi,2024-02-12,quality,Kisqali,midwest,train,353171.03,302268.18,1.05,0.05,4.8,0.98
BM-20240212-Kis-we,2024-02-12,efficiency,Kisqali,west,train,804020.78,114866.81,1.07,0.07,6.0,0.99
BM-20240219-Rem-no,2024-02-19,revenue,Remibrutinib,northeast,train,834900.95,851844.82,1.13,0.19,4.0,0.91
BM-20240219-Rem-so,2024-02-19,revenue,Remibrutinib,south,train,719970.01,1003479.88,0.79,0.0,3.3,0.92
BM-20240219-Rem-mi,2024-02-19,efficiency,Remibrutinib,midwest,train,218162.65,205036.18,1.09,0.22,4.5,0.91
BM-20240219-Rem-we,2024-02-19,adoption,Remibrutinib,west,train,164747.02,915774.68,1.16,-0.1,2.3,0.96
BM-20240219-Fab-no,2024-02-19,adoption,Fabhalta,northeast,train,920649.91,1149803.99,0.9,0.1,3.9,0.94
BM-20240219-Fab-so,2024-02-19,revenue,Fabhalta,south,train,848706.72,616116.05,1.14,0.08,5.3,0.96
BM-20240219-Fab-mi,2024-02-19,revenue,Fabhalta,midwest,train,65814.43,1100462.11,0.79,0.2,3.3,0.9
BM-20240219-Fab-we,2024-02-19,impact,Fabhalta,west,train,52953.59,86096.54,0.91,0.15,2.8,0.95
BM-20240219-Kis-no,2024-02-19,quality,Kisqali,northeast,train,648934.84,578875.55,0.92,0.03,4.4,0.95
BM-20240219-Kis-so,2024-02-19,revenue,Kisqali,south,train,484639.86,669996.88,0.85,0.09,2.2,0.93
BM-20240219-Kis-mi,2024-02-19,quality,Kisqali,midwest,train,641345.14,275959.9,1.06,0.23,4.1,0.97
BM-20240219-Kis-we,2024-02-19,quality,Kisqali,west,train,857113.98,641108.89,1.17,0.21,4.0,0.97
BM-20240226-Rem-no,2024-02-26,adoption,Remibrutinib,northeast,train,339567.95,566664.18,0.95,0.03,7.9,0.91
BM-20240226-Rem-so,2024-02-26,impact,Remibrutinib,south,train,372786.39,948315.5,1.12,0.1,5.4,0.93
BM-20240226-Rem-mi,2024-02-26,impact,Remibrutinib,midwest,train,367321.39,702200.25,0.86,0.06,2.3,0.98
BM-20240226-Rem-we,2024-02-26,adoption,Remibrutinib,west,train,708285.71,545528.43,0.86,-0.03,7.1,0.97
BM-20240226-Fab-no,2024-02-26,impact,Fabhalta,northeast,train,263724.22,180511.03,0.7,-0.04,7.8,0.91
BM-20240226-Fab-so,2024-02-26,revenue,Fabhalta,south,train,735029.16,416136.09,0.94,0.14,4.2,0.96
BM-20240226-Fab-mi,2024-02-26,quality,Fabhalta,midwest,train,644762.29,287374.85,0.9,-0.08,2.4,0.91
BM-20240226-Fab-we,2024-02-26,quality,Fabhalta,west,train,313816.1,83039.91,1.01,0.09,5.3,0.92
BM-20240226-Kis-no,2024-02-26,quality,Kisqali,northeast,train,163703.0,714549.92,0.77,-0.09,6.7,0.93
BM-20240226-Kis-so,2024-02-26,adoption,Kisqali,south,train,318283.24,1175044.16,0.8,-0.04,5.6,0.93
BM-20240226-Kis-mi,2024-02-26,revenue,Kisqali,midwest,train,719136.16,813344.03,1.17,0.02,4.4,0.91
BM-20240226-Kis-we,2024-02-26,efficiency,Kisqali,west,train,35321.42,969234.1,1.04,0.17,6.9,0.92
BM-20240304-Rem-no,2024-03-04,revenue,Remibrutinib,northeast,train,921936.32,569387.7,1.17,0.16,5.9,0.97
BM-20240304-Rem-so,2024-03-04,quality,Remibrutinib,south,train,463328.25,754087.24,0.73,0.29,5.0,0.93
BM-20240304-Rem-mi,2024-03-04,quality,Remibrutinib,midwest,train,436632.2,479676.37,1.0,0.18,3.3,0.98
BM-20240304-Rem-we,2024-03-04,revenue,Remibrutinib,west,train,683207.21,684605.02,0.85,0.11,5.0,0.98
BM-20240304-Fab-no,2024-03-04,efficiency,Fabhalta,northeast,train,906367.65,34433.96,0.86,0.13,4.0,0.96
BM-20240304-Fab-so,2024-03-04,adoption,Fabhalta,south,train,575155.45,954416.94,0.89,0.13,7.1,0.92
BM-20240304-Fab-mi,2024-03-04,adoption,Fabhalta,midwest,train,334120.48,885274.17,0.78,-0.0,7.7,0.96
BM-20240304-Fab-we,2024-03-04,quality,Fabhalta,west,train,922593.8,986744.61,1.0,-0.03,7.8,0.97
BM-20240304-Kis-no,2024-03-04,efficiency,Kisqali,northeast,train,472849.59,243037.82,1.04,-0.0,5.8,0.98
BM-20240304-Kis-so,2024-03-04,quality,Kisqali,south,train,422025.7,139845.86,0.88,0.27,3.8,0.97
BM-20240304-Kis-mi,2024-03-04,quality,Kisqali,midwest,train,96064.79,72113.74,0.89,0.11,3.0,0.97
BM-20240304-Kis-we,2024-03-04,quality,Kisqali,west,train,760173.86,899258.61,1.05,0.28,7.7,0.96
BM-20240311-Rem-no,2024-03-11,adoption,Remibrutinib,northeast,train,279120.75,311937.49,1.15,0.0,2.1,0.92
BM-20240311-Rem-so,2024-03-11,impact,Remibrutinib,south,train,366624.32,631367.64,0.91,0.18,4.5,0.91
BM-20240311-Rem-mi,2024-03-11,efficiency,Remibrutinib,midwest,train,280341.96,1022361.82,1.19,-0.01,5.9,0.98
BM-20240311-Rem-we,2024-03-11,impact,Remibrutinib,west,train,255098.22,47776.28,0.9,0.2,3.6,0.94
BM-20240311-Fab-no,2024-03-11,revenue,Fabhalta,northeast,train,806455.96,779800.63,1.09,-0.02,7.8,0.95
BM-20240311-Fab-so,2024-03-11,adoption,Fabhalta,south,train,635321.4,737756.77,1.1,-0.06,6.0,0.91
BM-20240311-Fab-mi,2024-03-11,revenue,Fabhalta,midwest,train,86011.09,269847.62,0.95,0.05,2.2,0.96
BM-20240311-Fab-we,2024-03-11,adoption,Fabhalta,west,train,584140.8,446117.72,0.81,0.27,3.5,0.97
BM-20240311-Kis-no,2024-03-11,adoption,Kisqali,northeast,train,682100.4,359940.2,0.7,0.12,2.5,0.94
BM-20240311-Kis-so,2024-03-11,adoption,Kisqali,south,train,251962.21,665878.0,1.16,0.09,2.2,0.91
BM-20240311-Kis-mi,2024-03-11,impact,Kisqali,midwest,train,354206.94,36528.91,1.12,-0.0,6.0,0.94
BM-20240311-Kis-we,2024-03-11,efficiency,Kisqali,west,train,404864.44,696724.71,1.04,-0.1,2.0,0.91
BM-20240318-Rem-no,2024-03-18,impact,Remibrutinib,northeast,train,642465.71,905902.39,0.74,0.09,7.2,0.98
BM-20240318-Rem-so,2024-03-18,adoption,Remibrutinib,south,train,822620.44,221384.19,0.85,0.02,3.4,0.99
BM-20240318-Rem-mi,2024-03-18,impact,Remibrutinib,midwest,train,910573.91,584937.02,0.89,-0.07,3.7,0.94
BM-20240318-Rem-we,2024-03-18,quality,Remibrutinib,west,train,622618.4,149576.39,1.19,-0.08,6.3,0.95
BM-20240318-Fab-no,2024-03-18,revenue,Fabhalta,northeast,train,142040.59,181648.43,1.18,0.26,7.1,0.9
BM-20240318-Fab-so,2024-03-18,impact,Fabhalta,south,train,245041.3,1189647.47,1.06,-0.1,7.2,0.98
BM-20240318-Fab-mi,2024-03-18,adoption,Fabhalta,midwest,train,290201.9,860374.74,1.02,-0.03,3.2,0.91
BM-20240318-Fab-we,2024-03-18,revenue,Fabhalta,west,train,34757.09,1035428.41,1.14,-0.01,3.6,0.91
BM-20240318-Kis-no,2024-03-18,adoption,Kisqali,northeast,train,147444.03,887192.53,0.88,0.18,4.3,0.93
BM-20240318-Kis-so,2024-03-18,revenue,Kisqali,south,train,885215.24,119585.53,0.76,0.07,5.4,0.97
BM-20240318-Kis-mi,2024-03-18,adoption,Kisqali,midwest,train,533840.84,1087847.61,0.81,0.26,5.0,0.9
BM-20240318-Kis-we,2024-03-18,revenue,Kisqali,west,train,406882.43,614060.95,0.76,0.07,7.5,0.97
BM-20240325-Rem-no,2024-03-25,impact,Remibrutinib,northeast,train,417320.16,175803.78,1.0,-0.03,2.6,0.92
BM-20240325-Rem-so,2024-03-25,quality,Remibrutinib,south,train,875926.14,908504.7,0.92,-0.01,2.1,0.92
BM-20240325-Rem-mi,2024-03-25,impact,Remibrutinib,midwest,train,577638.58,114148.19,1.04,0.27,4.0,0.96
BM-20240325-Rem-we,2024-03-25,revenue,Remibrutinib,west,train,290084.13,813345.21,0.88,-0.02,5.7,0.93
BM-20240325-Fab-no,2024-03-25,revenue,Fabhalta,northeast,train,70042.14,421120.3,0.92,0.22,2.0,0.92
BM-20240325-Fab-so,2024-03-25,efficiency,Fabhalta,south,train,172178.48,360087.88,1.16,0.08,3.4,0.94
BM-20240325-Fab-mi,2024-03-25,efficiency,Fabhalta,midwest,train,441802.29,737816.39,0.72,-0.1,5.9,0.92
BM-20240325-Fab-we,2024-03-25,revenue,Fabhalta,west,train,653907.48,480353.49,1.03,0.23,4.0,0.95
BM-20240325-Kis-no,2024-03-25,efficiency,Kisqali,northeast,train,334396.35,1076520.67,0.74,0.26,4.7,0.94
BM-20240325-Kis-so,2024-03-25,impact,Kisqali,south,train,982081.87,302213.94,1.06,0.12,5.4,0.91
BM-20240325-Kis-mi,2024-03-25,impact,Kisqali,midwest,train,908697.2,169566.77,0.88,-0.06,2.9,0.97
BM-20240325-Kis-we,2024-03-25,efficiency,Kisqali,west,train,37411.5,1076038.52,1.12,0.11,2.4,0.96
BM-20240401-Rem-no,2024-04-01,revenue,Remibrutinib,northeast,train,370237.97,226842.63,0.72,0.03,2.4,0.94
BM-20240401-Rem-so,2024-04-01,efficiency,Remibrutinib,south,train,857302.38,577423.12,0.74,-0.06,2.3,0.94
BM-20240401-Rem-mi,2024-04-01,impact,Remibrutinib,midwest,train,358127.28,977216.07,0.92,0.07,5.1,0.94
BM-20240401-Rem-we,2024-04-01,adoption,Remibrutinib,west,train,634447.73,121134.36,1.15,0.21,3.5,0.91
BM-20240401-Fab-no,2024-04-01,impact,Fabhalta,northeast,train,34987.44,767143.14,0.97,-0.07,3.5,0.99
BM-20240401-Fab-so,2024-04-01,impact,Fabhalta,south,train,129265.63,88992.36,0.76,0.3,7.7,0.92
BM-20240401-Fab-mi,2024-04-01,efficiency,Fabhalta,midwest,train,701713.99,607319.36,1.05,0.09,4.5,0.91
BM-20240401-Fab-we,2024-04-01,efficiency,Fabhalta,west,train,137953.84,683925.8,1.07,-0.06,2.2,0.91
BM-20240401-Kis-no,2024-04-01,revenue,Kisqali,northeast,train,455351.96,378112.0,0.74,0.26,7.2,0.94
BM-20240401-Kis-so,2024-04-01,revenue,Kisqali,south,train,137646.96,195795.93,0.8,-0.1,6.2,0.93
BM-20240401-Kis-mi,2024-04-01,adoption,Kisqali,midwest,train,312280.35,613189.87,0.78,0.08,2.8,0.98
BM-20240401-Kis-we,2024-04-01,adoption,Kisqali,west,train,68725.52,1102126.27,1.02,0.16,3.1,0.92
BM-20240408-Rem-no,2024-04-08,impact,Remibrutinib,northeast,train,560072.5,943850.69,0.88,0.1,3.0,0.94
BM-20240408-Rem-so,2024-04-08,adoption,Remibrutinib,south,train,623205.17,1053542.91,0.8,0.15,4.0,0.94
BM-20240408-Rem-mi,2024-04-08,revenue,Remibrutinib,midwest,train,171774.98,1082852.82,0.72,0.23,3.5,0.95
BM-20240408-Rem-we,2024-04-08,quality,Remibrutinib,west,train,203493.71,733615.64,0.96,0.21,3.7,0.93
BM-20240408-Fab-no,2024-04-08,adoption,Fabhalta,northeast,train,680555.82,309427.41,0.98,0.03,6.6,0.97
BM-20240408-Fab-so,2024-04-08,efficiency,Fabhalta,south,train,139562.05,299099.25,0.74,0.19,4.5,0.94
BM-20240408-Fab-mi,2024-04-08,adoption,Fabhalta,midwest,train,791143.69,199292.26,0.82,0.29,7.2,0.97
BM-20240408-Fab-we,2024-04-08,efficiency,Fabhalta,west,train,896004.6,1127805.81,1.02,-0.08,2.6,0.94
BM-20240408-Kis-no,2024-04-08,adoption,Kisqali,northeast,train,277468.01,85034.26,0.83,0.25,2.6,0.94
BM-20240408-Kis-so,2024-04-08,adoption,Kisqali,south,train,262871.71,831506.73,0.87,0.29,4.5,0.94
BM-20240408-Kis-mi,2024-04-08,impact,Kisqali,midwest,train,561038.71,230607.65,0.81,0.05,2.2,0.92
BM-20240408-Kis-we,2024-04-08,efficiency,Kisqali,west,train,369439.08,864173.09,1.07,0.25,7.7,0.92
BM-20240415-Rem-no,2024-04-15,efficiency,Remibrutinib,northeast,train,934675.17,114602.47,0.75,0.04,7.3,0.92
BM-20240415-Rem-so,2024-04-15,impact,Remibrutinib,south,train,339125.33,775230.84,0.78,0.23,5.8,0.95
BM-20240415-Rem-mi,2024-04-15,efficiency,Remibrutinib,midwest,train,187835.51,756170.03,0.85,-0.0,2.7,0.93
BM-20240415-Rem-we,2024-04-15,adoption,Remibrutinib,west,train,627800.04,160774.43,1.15,0.01,4.9,0.95
BM-20240415-Fab-no,2024-04-15,efficiency,Fabhalta,northeast,train,664021.26,356603.96,0.99,0.25,7.9,0.92
BM-20240415-Fab-so,2024-04-15,quality,Fabhalta,south,train,731155.55,398002.25,1.03,0.15,5.2,0.94
BM-20240415-Fab-mi,2024-04-15,impact,Fabhalta,midwest,train,813862.32,441758.32,1.13,-0.08,3.9,0.91
BM-20240415-Fab-we,2024-04-15,efficiency,Fabhalta,west,train,981756.5,786333.41,1.1,-0.01,3.7,0.98
BM-20240415-Kis-no,2024-04-15,adoption,Kisqali,northeast,train,918227.33,1078756.51,0.72,0.28,6.9,0.95
BM-20240415-Kis-so,2024-04-15,efficiency,Kisqali,south,train,331039.04,247935.29,0.74,0.19,2.6,0.92
BM-20240415-Kis-mi,2024-04-15,efficiency,Kisqali,midwest,train,905048.15,297755.17,0.94,0.16,7.0,0.93
BM-20240415-Kis-we,2024-04-15,adoption,Kisqali,west,train,315453.13,897560.91,1.19,0.15,7.5,0.96
BM-20240422-Rem-no,2024-04-22,revenue,Remibrutinib,northeast,train,431515.98,887611.86,1.0,-0.05,2.2,0.97
BM-20240422-Rem-so,2024-04-22,impact,Remibrutinib,south,train,630389.0,302179.5,0.92,0.02,2.6,0.97
BM-20240422-Rem-mi,2024-04-22,revenue,Remibrutinib,midwest,train,523684.0,596935.14,1.18,0.15,4.3,0.9
BM-20240422-Rem-we,2024-04-22,revenue,Remibrutinib,west,train,851009.25,330518.24,0.74,0.13,2.6,0.98
BM-20240422-Fab-no,2024-04-22,efficiency,Fabhalta,northeast,train,12203.21,876669.43,0.8,0.07,2.0,0.92
BM-20240422-Fab-so,2024-04-22,revenue,Fabhalta,south,train,195373.95,1179671.06,0.78,0.27,5.7,0.94
BM-20240422-Fab-mi,2024-04-22,impact,Fabhalta,midwest,train,962304.83,772062.97,0.76,-0.03,5.3,0.98
BM-20240422-Fab-we,2024-04-22,efficiency,Fabhalta,west,train,750057.51,746262.63,0.85,0.05,7.1,0.96
BM-20240422-Kis-no,2024-04-22,quality,Kisqali,northeast,train,621707.62,980080.56,1.08,0.08,7.3,0.91
BM-20240422-Kis-so,2024-04-22,revenue,Kisqali,south,train,650857.99,353812.34,0.84,0.01,3.5,0.9
BM-20240422-Kis-mi,2024-04-22,quality,Kisqali,midwest,train,230609.6,593680.06,0.82,0.24,7.5,0.91
BM-20240422-Kis-we,2024-04-22,efficiency,Kisqali,west,train,583027.09,216043.78,1.05,0.24,6.4,0.96
BM-20240429-Rem-no,2024-04-29,impact,Remibrutinib,northeast,train,280527.95,1170713.88,1.03,0.18,3.3,0.97
BM-20240429-Rem-so,2024-04-29,quality,Remibrutinib,south,train,705304.36,736433.12,0.79,-0.01,4.0,0.94
BM-20240429-Rem-mi,2024-04-29,impact,Remibrutinib,midwest,train,474536.59,987641.63,1.02,0.24,3.3,0.94
BM-20240429-Rem-we,2024-04-29,revenue,Remibrutinib,west,train,474355.97,868070.61,0.75,0.05,3.3,0.92
BM-20240429-Fab-no,2024-04-29,impact,Fabhalta,northeast,train,112343.11,20263.65,0.84,0.24,5.4,0.99
BM-20240429-Fab-so,2024-04-29,efficiency,Fabhalta,south,train,973353.68,528876.04,0.71,-0.05,4.1,0.95
BM-20240429-Fab-mi,2024-04-29,quality,Fabhalta,midwest,train,622782.5,1157138.82,0.91,-0.09,5.7,0.92
BM-20240429-Fab-we,2024-04-29,efficiency,Fabhalta,west,train,679748.12,1090034.05,0.9,0.26,4.0,0.91
BM-20240429-Kis-no,2024-04-29,adoption,Kisqali,northeast,train,96201.84,119994.13,0.85,0.06,6.0,0.93
BM-20240429-Kis-so,2024-04-29,efficiency,Kisqali,south,train,915727.55,638780.41,1.14,-0.05,3.7,0.95
BM-20240429-Kis-mi,2024-04-29,revenue,Kisqali,midwest,train,506692.19,1179461.05,1.0,-0.01,4.4,0.92
BM-20240429-Kis-we,2024-04-29,adoption,Kisqali,west,train,803092.14,774478.07,0.94,0.08,6.4,0.95
BM-20240506-Rem-no,2024-05-06,revenue,Remibrutinib,northeast,train,824727.29,871442.04,0.91,0.17,4.2,0.97
BM-20240506-Rem-so,2024-05-06,quality,Remibrutinib,south,train,897090.92,590721.24,1.13,0.12,6.5,0.97
BM-20240506-Rem-mi,2024-05-06,adoption,Remibrutinib,midwest,train,336955.43,216999.1,1.17,0.28,6.5,0.97
BM-20240506-Rem-we,2024-05-06,quality,Remibrutinib,west,train,463385.53,717202.74,1.02,-0.07,5.0,0.93
BM-20240506-Fab-no,2024-05-06,adoption,Fabhalta,northeast,train,853579.13,1024522.75,0.99,0.15,3.1,0.92
BM-20240506-Fab-so,2024-05-06,quality,Fabhalta,south,train,334477.77,207098.6,1.09,0.06,3.5,0.98
BM-20240506-Fab-mi,2024-05-06,impact,Fabhalta,midwest,train,620394.98,183517.83,1.11,0.17,4.0,0.9
BM-20240506-Fab-we,2024-05-06,revenue,Fabhalta,west,train,68261.47,325740.41,0.74,0.13,2.5,0.91
BM-20240506-Kis-no,2024-05-06,adoption,Kisqali,northeast,train,420702.16,891657.9,0.93,0.03,7.0,0.95
BM-20240506-Kis-so,2024-05-06,revenue,Kisqali,south,train,710094.25,254033.86,1.17,0.25,4.3,0.92
BM-20240506-Kis-mi,2024-05-06,adoption,Kisqali,midwest,train,618876.74,509418.26,0.86,0.19,6.5,0.9
BM-20240506-Kis-we,2024-05-06,revenue,Kisqali,west,train,516010.82,181773.72,0.9,-0.0,3.6,0.94
BM-20240513-Rem-no,2024-05-13,revenue,Remibrutinib,northeast,train,531937.97,605343.38,0.95,0.08,5.1,0.96
BM-20240513-Rem-so,2024-05-13,efficiency,Remibrutinib,south,train,996634.03,1073325.27,0.79,-0.01,5.0,0.93
BM-20240513-Rem-mi,2024-05-13,impact,Remibrutinib,midwest,train,75297.15,115759.23,1.14,0.05,8.0,0.92
BM-20240513-Rem-we,2024-05-13,adoption,Remibrutinib,west,train,70543.76,981014.26,0.85,-0.07,5.9,0.92
BM-20240513-Fab-no,2024-05-13,quality,Fabhalta,northeast,train,63679.32,229170.22,0.71,0.14,3.2,0.92
BM-20240513-Fab-so,2024-05-13,impact,Fabhalta,south,train,544884.44,881426.07,1.04,-0.07,5.5,0.98
BM-20240513-Fab-mi,2024-05-13,quality,Fabhalta,midwest,train,727618.26,871994.76,0.91,0.28,6.7,0.94
BM-20240513-Fab-we,2024-05-13,quality,Fabhalta,west,train,348647.39,1145647.2,0.89,0.04,3.8,0.96
BM-20240513-Kis-no,2024-05-13,revenue,Kisqali,northeast,train,215947.05,1080924.51,0.95,0.15,6.8,0.96
BM-20240513-Kis-so,2024-05-13,adoption,Kisqali,south,train,364645.91,890808.28,0.76,0.26,2.8,0.96
BM-20240513-Kis-mi,2024-05-13,impact,Kisqali,midwest,train,321982.8,258426.89,1.11,0.11,6.4,0.91
BM-20240513-Kis-we,2024-05-13,adoption,Kisqali,west,train,196706.34,1136243.03,0.74,0.05,6.5,0.91
BM-20240520-Rem-no,2024-05-20,impact,Remibrutinib,northeast,train,321751.97,899853.64,0.71,-0.09,4.3,0.9
BM-20240520-Rem-so,2024-05-20,adoption,Remibrutinib,south,train,802277.89,515764.64,0.89,0.01,2.6,0.96
BM-20240520-Rem-mi,2024-05-20,revenue,Remibrutinib,midwest,train,748886.53,366890.15,1.11,0.09,2.9,0.98
BM-20240520-Rem-we,2024-05-20,quality,Remibrutinib,west,train,959591.87,681547.18,0.82,0.3,6.0,0.94
BM-20240520-Fab-no,2024-05-20,impact,Fabhalta,northeast,train,459075.57,79620.16,0.99,-0.08,5.4,0.97
BM-20240520-Fab-so,2024-05-20,adoption,Fabhalta,south,train,351427.84,805035.09,0.78,0.2,6.6,0.93
BM-20240520-Fab-mi,2024-05-20,impact,Fabhalta,midwest,train,214182.69,562584.93,0.76,0.05,3.1,0.92
BM-20240520-Fab-we,2024-05-20,impact,Fabhalta,west,train,606560.13,115289.33,1.03,0.23,5.5,0.99
BM-20240520-Kis-no,2024-05-20,impact,Kisqali,northeast,train,364654.13,112821.93,1.04,0.03,5.5,0.97
BM-20240520-Kis-so,2024-05-20,impact,Kisqali,south,train,283535.53,1005909.9,0.9,0.3,8.0,0.94
BM-20240520-Kis-mi,2024-05-20,efficiency,Kisqali,midwest,train,152935.84,992229.7,0.7,0.0,7.8,0.92
BM-20240520-Kis-we,2024-05-20,adoption,Kisqali,west,train,978510.29,1056445.71,1.07,0.05,5.2,0.93
BM-20240527-Rem-no,2024-05-27,quality,Remibrutinib,northeast,train,891673.61,948143.66,0.95,0.09,4.9,0.96
BM-20240527-Rem-so,2024-05-27,revenue,Remibrutinib,south,train,133685.67,826553.97,0.89,0.28,6.5,0.96
BM-20240527-Rem-mi,2024-05-27,adoption,Remibrutinib,midwest,train,429283.86,184754.54,1.02,0.04,2.3,0.91
BM-20240527-Rem-we,2024-05-27,impact,Remibrutinib,west,train,700702.0,82895.46,1.05,0.17,4.8,0.98
BM-20240527-Fab-no,2024-05-27,revenue,Fabhalta,northeast,train,830369.02,601915.12,0.83,0.24,2.3,0.92
BM-20240527-Fab-so,2024-05-27,quality,Fabhalta,south,train,106766.69,801392.8,0.71,0.09,5.7,0.97
BM-20240527-Fab-mi,2024-05-27,revenue,Fabhalta,midwest,train,391487.77,332810.59,0.94,0.24,4.9,0.93
BM-20240527-Fab-we,2024-05-27,adoption,Fabhalta,west,train,720382.13,858282.2,1.03,-0.02,2.8,0.95
BM-20240527-Kis-no,2024-05-27,quality,Kisqali,northeast,train,494987.03,1080448.96,0.87,-0.06,4.1,0.9
BM-20240527-Kis-so,2024-05-27,quality,Kisqali,south,train,525857.96,617087.01,0.87,0.2,2.7,0.93
BM-20240527-Kis-mi,2024-05-27,quality,Kisqali,midwest,train,680569.58,110926.76,0.91,0.12,5.5,0.93
BM-20240527-Kis-we,2024-05-27,revenue,Kisqali,west,train,570016.43,513384.69,1.07,0.06,4.4,0.9
BM-20240603-Rem-no,2024-06-03,impact,Remibrutinib,northeast,train,883782.18,386596.53,1.05,-0.05,7.4,0.92
BM-20240603-Rem-so,2024-06-03,impact,Remibrutinib,south,train,340879.0,1181224.36,0.79,0.0,4.2,0.91
BM-20240603-Rem-mi,2024-06-03,adoption,Remibrutinib,midwest,train,379460.85,734284.91,0.73,-0.05,7.7,0.96
BM-20240603-Rem-we,2024-06-03,quality,Remibrutinib,west,train,904505.35,549493.65,1.07,0.02,7.0,0.96
BM-20240603-Fab-no,2024-06-03,quality,Fabhalta,northeast,train,583936.54,670833.52,0.96,0.13,7.0,0.96
BM-20240603-Fab-so,2024-06-03,quality,Fabhalta,south,train,742130.53,116050.44,0.91,-0.01,4.1,0.94
BM-20240603-Fab-mi,2024-06-03,revenue,Fabhalta,midwest,train,267272.07,257765.85,0.99,0.23,3.1,0.97
BM-20240603-Fab-we,2024-06-03,impact,Fabhalta,west,train,734456.94,515018.18,0.77,-0.1,2.7,0.94
BM-20240603-Kis-no,2024-06-03,quality,Kisqali,northeast,train,590545.96,866410.59,0.7,0.1,3.2,0.91
BM-20240603-Kis-so,2024-06-03,impact,Kisqali,south,train,99572.03,993211.97,1.13,-0.0,8.0,0.96
BM-20240603-Kis-mi,2024-06-03,impact,Kisqali,midwest,train,369192.55,424889.74,1.11,-0.1,6.7,0.92
BM-20240603-Kis-we,2024-06-03,revenue,Kisqali,west,train,419095.74,427733.14,0.94,0.16,4.1,0.94
BM-20240610-Rem-no,2024-06-10,quality,Remibrutinib,northeast,train,624138.32,357857.58,1.08,0.11,6.8,0.9
BM-20240610-Rem-so,2024-06-10,efficiency,Remibrutinib,south,train,881073.81,1008143.68,1.05,-0.01,6.5,0.94
BM-20240610-Rem-mi,2024-06-10,revenue,Remibrutinib,midwest,train,225821.57,166041.27,1.08,-0.03,4.7,0.98
BM-20240610-Rem-we,2024-06-10,quality,Remibrutinib,west,train,214948.52,955656.67,0.76,0.19,6.7,0.98
BM-20240610-Fab-no,2024-06-10,revenue,Fabhalta,northeast,train,124776.53,625099.65,1.08,-0.09,3.5,0.99
BM-20240610-Fab-so,2024-06-10,revenue,Fabhalta,south,train,689865.0,523681.96,1.11,0.18,5.5,0.95
BM-20240610-Fab-mi,2024-06-10,quality,Fabhalta,midwest,train,966917.75,798659.87,0.98,-0.02,5.9,0.96
BM-20240610-Fab-we,2024-06-10,revenue,Fabhalta,west,train,713069.27,126256.41,1.17,0.1,2.5,0.94
BM-20240610-Kis-no,2024-06-10,impact,Kisqali,northeast,train,39719.82,1128019.07,1.02,0.07,4.4,0.94
BM-20240610-Kis-so,2024-06-10,impact,Kisqali,south,train,310681.33,222596.42,0.74,-0.0,4.5,0.98
BM-20240610-Kis-mi,2024-06-10,impact,Kisqali,midwest,train,520267.36,413500.46,0.8,0.29,4.9,0.9
BM-20240610-Kis-we,2024-06-10,adoption,Kisqali,west,train,671164.6,727442.7,1.19,-0.09,3.3,0.93
BM-20240617-Rem-no,2024-06-17,efficiency,Remibrutinib,northeast,train,636612.41,249553.43,1.07,0.16,2.9,0.92
BM-20240617-Rem-so,2024-06-17,efficiency,Remibrutinib,south,train,134882.96,831789.43,1.18,0.03,4.7,0.91
BM-20240617-Rem-mi,2024-06-17,efficiency,Remibrutinib,midwest,train,56961.88,970392.21,1.09,-0.0,4.2,0.95
BM-20240617-Rem-we,2024-06-17,impact,Remibrutinib,west,train,70971.76,950778.35,0.76,0.24,4.4,0.91
BM-20240617-Fab-no,2024-06-17,impact,Fabhalta,northeast,train,299188.82,657045.76,0.74,0.04,6.8,0.95
BM-20240617-Fab-so,2024-06-17,impact,Fabhalta,south,train,245579.27,610800.16,0.78,-0.1,6.3,0.93
BM-20240617-Fab-mi,2024-06-17,efficiency,Fabhalta,midwest,train,591230.32,538434.95,0.91,0.13,3.5,0.97
BM-20240617-Fab-we,2024-06-17,quality,Fabhalta,west,train,858547.22,536949.2,1.12,-0.04,7.4,0.91
BM-20240617-Kis-no,2024-06-17,adoption,Kisqali,northeast,train,706106.92,968873.37,0.89,0.24,5.9,0.96
BM-20240617-Kis-so,2024-06-17,impact,Kisqali,south,train,669745.79,43082.06,1.13,-0.05,3.8,0.98
BM-20240617-Kis-mi,2024-06-17,impact,Kisqali,midwest,train,780909.1,239808.58,1.13,0.23,6.4,0.93
BM-20240617-Kis-we,2024-06-17,quality,Kisqali,west,train,835319.21,1184301.33,1.13,-0.07,7.3,0.98
BM-20240624-Rem-no,2024-06-24,impact,Remibrutinib,northeast,train,845798.53,421764.61,0.87,0.21,7.7,0.98
BM-20240624-Rem-so,2024-06-24,impact,Remibrutinib,south,train,852307.14,841465.88,1.0,0.19,6.5,0.95
BM-20240624-Rem-mi,2024-06-24,adoption,Remibrutinib,midwest,train,946628.78,683720.18,1.03,0.2,6.6,0.99
BM-20240624-Rem-we,2024-06-24,impact,Remibrutinib,west,train,759048.8,469593.54,0.71,-0.05,6.7,0.91
BM-20240624-Fab-no,2024-06-24,quality,Fabhalta,northeast,train,40384.05,468691.0,0.98,0.03,3.4,0.9
BM-20240624-Fab-so,2024-06-24,impact,Fabhalta,south,train,497795.36,64281.96,1.17,-0.05,6.0,0.9
BM-20240624-Fab-mi,2024-06-24,adoption,Fabhalta,midwest,train,927152.14,858668.12,0.98,0.12,7.7,0.91
BM-20240624-Fab-we,2024-06-24,impact,Fabhalta,west,train,621627.41,484281.36,0.94,0.29,4.7,0.98
BM-20240624-Kis-no,2024-06-24,adoption,Kisqali,northeast,train,650399.38,279901.06,1.09,0.1,7.9,0.93
BM-20240624-Kis-so,2024-06-24,quality,Kisqali,south,train,488182.98,560100.75,0.75,0.15,2.0,0.94
BM-20240624-Kis-mi,2024-06-24,efficiency,Kisqali,midwest,train,495479.79,355097.82,1.13,-0.02,4.4,0.94
BM-20240624-Kis-we,2024-06-24,efficiency,Kisqali,west,train,268033.43,985160.33,0.8,-0.0,4.4,0.97
BM-20240701-Rem-no,2024-07-01,revenue,Remibrutinib,northeast,train,594440.14,895093.98,0.87,0.3,7.4,0.96
BM-20240701-Rem-so,2024-07-01,quality,Remibrutinib,south,train,748801.16,300687.88,1.03,0.2,5.1,0.95
BM-20240701-Rem-mi,2024-07-01,impact,Remibrutinib,midwest,train,133266.83,1022054.35,0.87,0.29,2.8,0.95
BM-20240701-Rem-we,2024-07-01,adoption,Remibrutinib,west,train,428197.42,1060404.25,0.76,0.01,5.0,0.95
BM-20240701-Fab-no,2024-07-01,revenue,Fabhalta,northeast,train,689556.48,682807.49,0.96,0.02,7.1,0.97
BM-20240701-Fab-so,2024-07-01,quality,Fabhalta,south,train,130928.69,388848.27,1.09,0.21,2.1,0.9
BM-20240701-Fab-mi,2024-07-01,impact,Fabhalta,midwest,train,674807.41,1159918.63,1.16,0.08,5.1,0.98
BM-20240701-Fab-we,2024-07-01,efficiency,Fabhalta,west,train,398563.4,1102444.65,1.05,0.15,6.4,0.93
BM-20240701-Kis-no,2024-07-01,quality,Kisqali,northeast,train,755705.1,289892.89,0.99,0.29,5.3,0.92
BM-20240701-Kis-so,2024-07-01,adoption,Kisqali,south,train,116239.4,644388.14,1.17,0.05,2.4,0.92
BM-20240701-Kis-mi,2024-07-01,revenue,Kisqali,midwest,train,209116.56,30727.71,0.85,0.27,5.2,0.92
BM-20240701-Kis-we,2024-07-01,adoption,Kisqali,west,train,364877.27,95300.31,0.74,0.26,5.9,0.92
BM-20240708-Rem-no,2024-07-08,efficiency,Remibrutinib,northeast,train,605152.07,1033885.37,0.71,0.02,6.0,0.93
BM-20240708-Rem-so,2024-07-08,adoption,Remibrutinib,south,train,320378.42,546449.66,1.01,0.23,2.2,0.96
BM-20240708-Rem-mi,2024-07-08,adoption,Remibrutinib,midwest,train,254433.51,657556.1,0.92,0.07,4.8,0.98
BM-20240708-Rem-we,2024-07-08,revenue,Remibrutinib,west,train,993807.02,473882.4,0.78,0.19,5.5,0.93
BM-20240708-Fab-no,2024-07-08,revenue,Fabhalta,northeast,train,895301.29,940603.09,1.12,-0.09,3.3,0.96
BM-20240708-Fab-so,2024-07-08,quality,Fabhalta,south,train,554612.17,647497.42,0.84,0.17,5.9,0.9
BM-20240708-Fab-mi,2024-07-08,revenue,Fabhalta,midwest,train,515428.11,497848.44,0.78,0.2,6.0,0.96
BM-20240708-Fab-we,2024-07-08,quality,Fabhalta,west,train,708587.53,228727.23,1.08,-0.0,3.0,0.9
BM-20240708-Kis-no,2024-07-08,revenue,Kisqali,northeast,train,354768.42,381067.0,0.74,0.03,3.3,0.97
BM-20240708-Kis-so,2024-07-08,revenue,Kisqali,south,train,86902.25,571836.21,0.91,0.04,7.0,0.94
BM-20240708-Kis-mi,2024-07-08,quality,Kisqali,midwest,train,498360.02,717605.06,1.19,0.21,6.9,0.95
BM-20240708-Kis-we,2024-07-08,impact,Kisqali,west,train,143426.01,54542.79,0.81,0.27,5.2,0.99
BM-20240715-Rem-no,2024-07-15,quality,Remibrutinib,northeast,train,326393.86,533856.22,0.72,0.1,6.5,0.92
BM-20240715-Rem-so,2024-07-15,revenue,Remibrutinib,south,train,217122.06,30357.09,0.92,0.11,2.7,0.98
BM-20240715-Rem-mi,2024-07-15,adoption,Remibrutinib,midwest,train,273625.53,722562.11,1.03,-0.03,3.9,0.97
BM-20240715-Rem-we,2024-07-15,quality,Remibrutinib,west,train,73502.91,1109262.89,0.84,0.24,4.9,0.92
BM-20240715-Fab-no,2024-07-15,efficiency,Fabhalta,northeast,train,103797.26,897944.25,0.86,0.08,6.6,0.93
BM-20240715-Fab-so,2024-07-15,efficiency,Fabhalta,south,train,972836.27,367147.7,1.11,0.23,5.2,0.99
BM-20240715-Fab-mi,2024-07-15,efficiency,Fabhalta,midwest,train,148100.97,511824.25,1.12,0.14,7.8,0.96
BM-20240715-Fab-we,2024-07-15,impact,Fabhalta,west,train,371647.32,138510.7,1.16,0.23,3.9,0.94
BM-20240715-Kis-no,2024-07-15,adoption,Kisqali,northeast,train,789473.0,658983.64,0.87,0.03,4.6,0.97
BM-20240715-Kis-so,2024-07-15,quality,Kisqali,south,train,993255.0,784076.15,0.73,0.07,7.2,0.99
BM-20240715-Kis-mi,2024-07-15,revenue,Kisqali,midwest,train,970849.55,660346.42,0.95,-0.02,2.4,0.95
BM-20240715-Kis-we,2024-07-15,efficiency,Kisqali,west,train,439578.73,847519.12,0.79,0.09,5.1,0.94
BM-20240722-Rem-no,2024-07-22,adoption,Remibrutinib,northeast,train,922522.48,369546.35,1.07,0.04,3.2,0.92
BM-20240722-Rem-so,2024-07-22,adoption,Remibrutinib,south,train,779651.42,700029.3,0.82,0.15,7.3,0.91
BM-20240722-Rem-mi,2024-07-22,efficiency,Remibrutinib,midwest,train,457549.61,416717.11,0.86,0.25,4.0,0.94
BM-20240722-Rem-we,2024-07-22,impact,Remibrutinib,west,train,939181.45,770992.01,0.9,0.11,2.0,0.96
BM-20240722-Fab-no,2024-07-22,adoption,Fabhalta,northeast,train,961899.14,1194513.72,1.07,0.26,4.8,0.93
BM-20240722-Fab-so,2024-07-22,impact,Fabhalta,south,train,749966.66,476775.2,0.78,0.27,5.1,0.96
BM-20240722-Fab-mi,2024-07-22,impact,Fabhalta,midwest,train,936169.69,1150921.3,0.83,0.07,6.8,0.99
BM-20240722-Fab-we,2024-07-22,adoption,Fabhalta,west,train,636269.37,44133.77,1.04,0.04,8.0,0.94
BM-20240722-Kis-no,2024-07-22,quality,Kisqali,northeast,train,754578.29,838651.07,0.91,-0.06,7.9,0.92
BM-20240722-Kis-so,2024-07-22,revenue,Kisqali,south,train,798560.24,198695.16,1.06,0.28,2.5,0.97
BM-20240722-Kis-mi,2024-07-22,adoption,Kisqali,midwest,train,933827.6,846511.88,0.77,0.2,2.0,0.98
BM-20240722-Kis-we,2024-07-22,quality,Kisqali,west,train,193575.5,300173.78,0.99,0.25,2.6,0.95
BM-20240729-Rem-no,2024-07-29,efficiency,Remibrutinib,northeast,train,348308.73,344672.64,1.12,0.15,3.9,0.98
BM-20240729-Rem-so,2024-07-29,adoption,Remibrutinib,south,train,94682.81,922499.78,0.73,-0.01,4.4,0.9
BM-20240729-Rem-mi,2024-07-29,adoption,Remibrutinib,midwest,train,510035.46,525844.61,0.8,0.17,7.2,0.9
BM-20240729-Rem-we,2024-07-29,quality,Remibrutinib,west,train,583776.24,909685.63,1.18,0.04,2.6,0.97
BM-20240729-Fab-no,2024-07-29,impact,Fabhalta,northeast,train,588371.17,532473.23,0.77,-0.02,6.7,0.97
BM-20240729-Fab-so,2024-07-29,revenue,Fabhalta,south,train,529263.96,219553.61,0.97,0.26,3.9,0.93
BM-20240729-Fab-mi,2024-07-29,adoption,Fabhalta,midwest,train,305075.72,473122.63,1.04,0.11,7.2,0.95
BM-20240729-Fab-we,2024-07-29,adoption,Fabhalta,west,train,30081.87,216448.2,0.88,0.08,5.1,0.97
BM-20240729-Kis-no,2024-07-29,efficiency,Kisqali,northeast,train,401109.66,1120496.68,1.03,0.06,2.5,0.92
BM-20240729-Kis-so,2024-07-29,revenue,Kisqali,south,train,853410.83,362813.37,0.72,0.09,6.5,0.99
BM-20240729-Kis-mi,2024-07-29,adoption,Kisqali,midwest,train,519008.02,31923.58,1.17,0.18,4.4,0.95
BM-20240729-Kis-we,2024-07-29,impact,Kisqali,west,train,827117.67,351518.38,1.14,0.1,5.4,0.96
BM-20240805-Rem-no,2024-08-05,quality,Remibrutinib,northeast,train,808944.27,298857.6,1.13,0.18,7.2,0.96
BM-20240805-Rem-so,2024-08-05,adoption,Remibrutinib,south,train,943357.18,87359.76,1.18,-0.06,4.5,0.97
BM-20240805-Rem-mi,2024-08-05,quality,Remibrutinib,midwest,train,187134.47,905809.1,0.77,0.01,7.0,0.93
BM-20240805-Rem-we,2024-08-05,efficiency,Remibrutinib,west,train,752629.12,647104.86,0.87,0.15,7.6,0.99
BM-20240805-Fab-no,2024-08-05,adoption,Fabhalta,northeast,train,171212.91,696300.57,0.74,0.24,5.8,0.95
BM-20240805-Fab-so,2024-08-05,impact,Fabhalta,south,train,432719.62,58116.34,1.07,0.21,6.5,0.97
BM-20240805-Fab-mi,2024-08-05,revenue,Fabhalta,midwest,train,190829.55,476517.25,0.7,0.07,2.1,0.91
BM-20240805-Fab-we,2024-08-05,efficiency,Fabhalta,west,train,616358.34,412568.04,0.96,0.15,2.6,0.97
BM-20240805-Kis-no,2024-08-05,quality,Kisqali,northeast,train,892295.9,173905.66,0.86,-0.07,2.1,0.93
BM-20240805-Kis-so,2024-08-05,quality,Kisqali,south,train,550232.03,356149.95,1.19,0.25,3.3,0.97
BM-20240805-Kis-mi,2024-08-05,revenue,Kisqali,midwest,train,436267.74,81334.32,0.79,0.17,2.9,0.92
BM-20240805-Kis-we,2024-08-05,impact,Kisqali,west,train,576513.13,425655.99,1.07,0.24,2.1,0.91
BM-20240812-Rem-no,2024-08-12,revenue,Remibrutinib,northeast,train,645816.71,33144.34,0.93,-0.03,5.1,0.9
BM-20240812-Rem-so,2024-08-12,adoption,Remibrutinib,south,train,664611.01,45258.3,0.87,0.27,2.2,0.94
BM-20240812-Rem-mi,2024-08-12,quality,Remibrutinib,midwest,train,103343.06,655952.61,0.82,-0.01,3.2,0.91
BM-20240812-Rem-we,2024-08-12,revenue,Remibrutinib,west,train,262177.2,696269.54,0.86,0.0,6.9,0.92
BM-20240812-Fab-no,2024-08-12,impact,Fabhalta,northeast,train,698050.3,361857.55,1.08,-0.03,2.0,0.97
BM-20240812-Fab-so,2024-08-12,impact,Fabhalta,south,train,958625.19,1082053.08,0.74,0.21,3.1,0.95
BM-20240812-Fab-mi,2024-08-12,efficiency,Fabhalta,midwest,train,147304.79,1016020.51,1.14,0.12,2.7,0.97
BM-20240812-Fab-we,2024-08-12,quality,Fabhalta,west,train,611204.56,211999.8,1.18,0.24,6.6,0.94
BM-20240812-Kis-no,2024-08-12,adoption,Kisqali,northeast,train,986983.34,176007.16,1.07,0.14,3.4,0.95
BM-20240812-Kis-so,2024-08-12,adoption,Kisqali,south,train,63635.18,984727.86,1.04,-0.03,2.3,0.97
BM-20240812-Kis-mi,2024-08-12,quality,Kisqali,midwest,train,258096.44,485958.36,0.78,0.29,5.4,0.95
BM-20240812-Kis-we,2024-08-12,efficiency,Kisqali,west,train,302730.93,914038.92,1.17,0.29,6.1,0.92
BM-20240819-Rem-no,2024-08-19,quality,Remibrutinib,northeast,train,361232.29,264426.75,0.99,0.01,7.1,0.95
BM-20240819-Rem-so,2024-08-19,efficiency,Remibrutinib,south,train,740003.55,37701.88,0.81,-0.09,4.5,0.92
BM-20240819-Rem-mi,2024-08-19,revenue,Remibrutinib,midwest,train,294607.4,502585.66,0.82,-0.05,5.9,0.95
BM-20240819-Rem-we,2024-08-19,revenue,Remibrutinib,west,train,339372.93,82812.96,1.11,0.27,5.1,0.94
BM-20240819-Fab-no,2024-08-19,revenue,Fabhalta,northeast,train,341234.11,47862.15,0.86,0.12,7.5,0.94
BM-20240819-Fab-so,2024-08-19,adoption,Fabhalta,south,train,113724.94,742932.47,0.94,0.02,4.8,0.96
BM-20240819-Fab-mi,2024-08-19,impact,Fabhalta,midwest,train,116149.33,99991.05,0.76,0.28,7.1,0.9
BM-20240819-Fab-we,2024-08-19,adoption,Fabhalta,west,train,712924.98,437505.57,0.96,0.26,6.1,0.98
BM-20240819-Kis-no,2024-08-19,impact,Kisqali,northeast,train,402166.72,813937.01,0.94,-0.02,3.8,0.93
BM-20240819-Kis-so,2024-08-19,quality,Kisqali,south,train,410812.7,1135570.07,0.92,-0.01,4.3,0.91
BM-20240819-Kis-mi,2024-08-19,efficiency,Kisqali,midwest,train,852689.32,956989.7,0.83,-0.04,5.3,0.95
BM-20240819-Kis-we,2024-08-19,adoption,Kisqali,west,train,441992.86,719141.29,0.95,-0.04,7.0,0.91
BM-20240826-Rem-no,2024-08-26,impact,Remibrutinib,northeast,train,681596.93,708971.88,0.84,0.02,5.5,0.97
BM-20240826-Rem-so,2024-08-26,revenue,Remibrutinib,south,train,408132.27,177027.85,1.0,0.18,4.9,0.94
BM-20240826-Rem-mi,2024-08-26,adoption,Remibrutinib,midwest,train,693041.48,525212.2,0.98,0.28,7.6,0.92
BM-20240826-Rem-we,2024-08-26,revenue,Remibrutinib,west,train,433080.17,489453.67,0.96,0.08,2.9,0.98
BM-20240826-Fab-no,2024-08-26,impact,Fabhalta,northeast,train,76385.33,415889.09,0.94,0.25,2.9,0.97
BM-20240826-Fab-so,2024-08-26,impact,Fabhalta,south,train,237737.1,741732.6,0.71,0.28,6.6,0.93
BM-20240826-Fab-mi,2024-08-26,impact,Fabhalta,midwest,train,373027.99,892489.17,1.14,0.06,5.1,0.95
BM-20240826-Fab-we,2024-08-26,efficiency,Fabhalta,west,train,196323.96,726104.38,0.98,0.09,3.4,0.96
BM-20240826-Kis-no,2024-08-26,revenue,Kisqali,northeast,train,102062.21,315941.24,1.1,0.1,6.3,0.94
BM-20240826-Kis-so,2024-08-26,efficiency,Kisqali,south,train,279611.25,594991.3,1.04,0.16,7.1,0.9
BM-20240826-Kis-mi,2024-08-26,impact,Kisqali,midwest,train,953236.69,62223.65,1.19,0.08,2.4,0.93
BM-20240826-Kis-we,2024-08-26,quality,Kisqali,west,train,976895.78,413624.53,0.94,0.08,5.7,0.91
BM-20240902-Rem-no,2024-09-02,revenue,Remibrutinib,northeast,train,666690.33,931378.27,0.83,0.04,3.2,0.98
BM-20240902-Rem-so,2024-09-02,impact,Remibrutinib,south,train,904898.98,879221.86,0.75,-0.08,7.2,0.9
BM-20240902-Rem-mi,2024-09-02,revenue,Remibrutinib,midwest,train,708704.06,603841.7,1.14,0.07,5.8,0.98
BM-20240902-Rem-we,2024-09-02,revenue,Remibrutinib,west,train,479062.69,860390.42,0.78,-0.06,6.1,0.96
BM-20240902-Fab-no,2024-09-02,impact,Fabhalta,northeast,train,461752.26,552899.12,0.73,0.19,7.7,0.95
BM-20240902-Fab-so,2024-09-02,revenue,Fabhalta,south,train,393333.49,614966.2,0.79,0.06,3.8,0.91
BM-20240902-Fab-mi,2024-09-02,revenue,Fabhalta,midwest,train,271053.39,1032928.68,0.92,0.12,6.3,0.94
BM-20240902-Fab-we,2024-09-02,revenue,Fabhalta,west,train,941480.35,471266.63,1.1,0.18,5.3,0.91
BM-20240902-Kis-no,2024-09-02,adoption,Kisqali,northeast,train,842606.36,710413.15,0.76,0.24,6.5,0.96
BM-20240902-Kis-so,2024-09-02,impact,Kisqali,south,train,513802.27,1095478.51,0.78,0.13,6.0,0.91
BM-20240902-Kis-mi,2024-09-02,quality,Kisqali,midwest,train,35574.68,642846.42,0.75,0.18,6.1,0.95
BM-20240902-Kis-we,2024-09-02,efficiency,Kisqali,west,train,876911.14,244061.76,1.06,-0.08,6.8,0.92
BM-20240909-Rem-no,2024-09-09,quality,Remibrutinib,northeast,train,211169.8,642590.57,0.88,0.06,5.0,0.94
BM-20240909-Rem-so,2024-09-09,revenue,Remibrutinib,south,train,440855.11,752370.48,0.83,0.12,7.5,0.91
BM-20240909-Rem-mi,2024-09-09,efficiency,Remibrutinib,midwest,train,12243.88,85045.15,1.07,-0.09,4.7,0.94
BM-20240909-Rem-we,2024-09-09,adoption,Remibrutinib,west,train,246057.29,1035820.56,0.76,0.19,3.9,0.97
BM-20240909-Fab-no,2024-09-09,quality,Fabhalta,northeast,train,771043.74,734611.58,0.78,0.06,6.4,0.92
BM-20240909-Fab-so,2024-09-09,impact,Fabhalta,south,train,508269.53,1079575.04,1.07,0.02,4.7,0.92
BM-20240909-Fab-mi,2024-09-09,efficiency,Fabhalta,midwest,train,266036.89,712598.09,0.94,0.23,5.6,0.98
BM-20240909-Fab-we,2024-09-09,efficiency,Fabhalta,west,train,123758.34,1025445.17,1.16,0.09,3.2,0.94
BM-20240909-Kis-no,2024-09-09,efficiency,Kisqali,northeast,train,991869.94,542746.2,1.17,0.1,7.0,0.98
BM-20240909-Kis-so,2024-09-09,adoption,Kisqali,south,train,955202.14,588913.22,0.73,-0.08,6.2,0.92
BM-20240909-Kis-mi,2024-09-09,impact,Kisqali,midwest,train,747407.5,184307.11,1.02,0.14,6.8,0.96
BM-20240909-Kis-we,2024-09-09,quality,Kisqali,west,train,464994.72,676520.68,0.8,0.06,6.6,0.91
BM-20240916-Rem-no,2024-09-16,efficiency,Remibrutinib,northeast,train,929102.76,845258.43,0.83,0.29,2.9,0.93
BM-20240916-Rem-so,2024-09-16,revenue,Remibrutinib,south,train,56273.96,158287.26,1.15,0.06,4.4,0.94
BM-20240916-Rem-mi,2024-09-16,efficiency,Remibrutinib,midwest,train,156182.86,935047.05,0.7,-0.06,2.9,0.94
BM-20240916-Rem-we,2024-09-16,quality,Remibrutinib,west,train,111560.03,524519.75,1.07,0.03,4.5,0.97
BM-20240916-Fab-no,2024-09-16,efficiency,Fabhalta,northeast,train,186663.42,840116.28,0.78,0.19,7.5,0.96
BM-20240916-Fab-so,2024-09-16,adoption,Fabhalta,south,train,516603.62,760453.32,0.94,0.19,4.8,0.91
BM-20240916-Fab-mi,2024-09-16,adoption,Fabhalta,midwest,train,849704.28,534507.74,0.77,0.04,3.5,0.91
BM-20240916-Fab-we,2024-09-16,adoption,Fabhalta,west,train,578808.25,392502.28,0.85,0.07,7.3,0.91
BM-20240916-Kis-no,2024-09-16,quality,Kisqali,northeast,train,63637.15,350070.31,1.1,0.3,5.1,0.99
BM-20240916-Kis-so,2024-09-16,revenue,Kisqali,south,train,685232.8,531466.74,0.71,0.18,2.6,0.96
BM-20240916-Kis-mi,2024-09-16,efficiency,Kisqali,midwest,train,42486.37,978572.43,0.9,-0.07,3.5,0.96
BM-20240916-Kis-we,2024-09-16,quality,Kisqali,west,train,234170.73,1040187.91,0.78,0.21,2.3,0.97
BM-20240923-Rem-no,2024-09-23,quality,Remibrutinib,northeast,train,390039.2,530980.83,1.19,0.01,2.0,0.92
BM-20240923-Rem-so,2024-09-23,adoption,Remibrutinib,south,train,284939.0,758243.73,1.03,0.18,4.5,0.95
BM-20240923-Rem-mi,2024-09-23,adoption,Remibrutinib,midwest,train,341590.64,846011.15,1.17,0.1,4.6,0.91
BM-20240923-Rem-we,2024-09-23,impact,Remibrutinib,west,train,668874.16,448346.24,1.14,-0.0,7.8,0.9
BM-20240923-Fab-no,2024-09-23,efficiency,Fabhalta,northeast,train,458553.18,236347.23,0.81,0.21,4.7,0.95
BM-20240923-Fab-so,2024-09-23,impact,Fabhalta,south,train,391001.02,437924.26,1.12,-0.05,2.7,0.91
BM-20240923-Fab-mi,2024-09-23,quality,Fabhalta,midwest,train,21023.1,886061.72,1.03,0.29,2.1,0.99
BM-20240923-Fab-we,2024-09-23,adoption,Fabhalta,west,train,626665.53,457575.65,0.98,0.11,7.3,0.92
BM-20240923-Kis-no,2024-09-23,revenue,Kisqali,northeast,train,135440.29,241277.84,1.16,0.13,7.0,0.99
BM-20240923-Kis-so,2024-09-23,impact,Kisqali,south,train,593433.33,792123.45,1.17,0.03,4.4,0.91
BM-20240923-Kis-mi,2024-09-23,quality,Kisqali,midwest,train,254044.08,525599.42,0.72,0.16,4.0,0.93
BM-20240923-Kis-we,2024-09-23,efficiency,Kisqali,west,train,96518.57,963401.08,1.18,0.25,4.7,0.99
BM-20240930-Rem-no,2024-09-30,revenue,Remibrutinib,northeast,train,867339.13,252896.02,1.14,0.0,4.0,0.91
BM-20240930-Rem-so,2024-09-30,adoption,Remibrutinib,south,train,459799.02,249494.34,1.08,0.0,7.2,0.95
BM-20240930-Rem-mi,2024-09-30,revenue,Remibrutinib,midwest,train,672347.54,754928.62,0.95,0.18,2.7,0.98
BM-20240930-Rem-we,2024-09-30,quality,Remibrutinib,west,train,765661.28,485102.63,1.04,-0.07,2.9,0.96
BM-20240930-Fab-no,2024-09-30,quality,Fabhalta,northeast,train,772321.12,309189.39,1.11,-0.05,6.1,0.92
BM-20240930-Fab-so,2024-09-30,quality,Fabhalta,south,train,48734.86,816661.91,0.75,0.3,2.6,0.95
BM-20240930-Fab-mi,2024-09-30,revenue,Fabhalta,midwest,train,176145.53,868841.37,0.74,0.12,3.6,0.97
BM-20240930-Fab-we,2024-09-30,impact,Fabhalta,west,train,605079.84,1161413.51,0.83,0.08,6.7,0.93
BM-20240930-Kis-no,2024-09-30,revenue,Kisqali,northeast,train,811402.36,1074676.26,0.96,0.1,7.6,0.92
BM-20240930-Kis-so,2024-09-30,revenue,Kisqali,south,train,525983.69,36469.04,0.96,0.22,5.6,0.9
BM-20240930-Kis-mi,2024-09-30,impact,Kisqali,midwest,train,51382.5,158074.81,0.71,-0.01,6.3,0.9
BM-20240930-Kis-we,2024-09-30,revenue,Kisqali,west,train,557337.53,893173.96,1.05,0.26,4.0,0.99
BM-20241007-Rem-no,2024-10-07,adoption,Remibrutinib,northeast,train,347861.55,775263.6,1.06,0.16,6.9,0.95
BM-20241007-Rem-so,2024-10-07,revenue,Remibrutinib,south,train,638416.04,1154295.14,1.09,0.3,2.6,0.96
BM-20241007-Rem-mi,2024-10-07,impact,Remibrutinib,midwest,train,310426.08,41117.85,0.77,0.15,3.0,0.99
BM-20241007-Rem-we,2024-10-07,efficiency,Remibrutinib,west,train,906660.46,1155908.13,1.11,0.21,2.9,0.91
BM-20241007-Fab-no,2024-10-07,efficiency,Fabhalta,northeast,train,570322.2,1038780.79,0.9,-0.04,4.7,0.97
BM-20241007-Fab-so,2024-10-07,impact,Fabhalta,south,train,514155.78,678599.44,1.12,0.13,6.1,0.93
BM-20241007-Fab-mi,2024-10-07,revenue,Fabhalta,midwest,train,848762.73,475719.51,1.13,-0.04,3.5,0.91
BM-20241007-Fab-we,2024-10-07,efficiency,Fabhalta,west,train,747636.21,452791.37,1.18,0.04,6.3,0.98
BM-20241007-Kis-no,2024-10-07,quality,Kisqali,northeast,train,396835.69,596797.85,1.13,0.1,2.6,0.9
BM-20241007-Kis-so,2024-10-07,impact,Kisqali,south,train,627385.47,1021497.11,0.85,0.27,5.4,0.97
BM-20241007-Kis-mi,2024-10-07,efficiency,Kisqali,midwest,train,652752.82,486553.7,0.88,0.11,2.9,0.97
BM-20241007-Kis-we,2024-10-07,impact,Kisqali,west,train,878732.69,240185.86,1.14,0.21,7.1,0.9
BM-20241014-Rem-no,2024-10-14,adoption,Remibrutinib,northeast,train,993285.41,1073614.49,1.19,0.12,4.9,0.92
BM-20241014-Rem-so,2024-10-14,adoption,Remibrutinib,south,train,419088.67,1072731.48,1.03,0.13,6.9,0.98
BM-20241014-Rem-mi,2024-10-14,efficiency,Remibrutinib,midwest,train,495107.37,394904.94,0.9,0.1,2.1,0.93
BM-20241014-Rem-we,2024-10-14,impact,Remibrutinib,west,train,208076.83,305799.2,1.14,-0.09,3.3,0.92
BM-20241014-Fab-no,2024-10-14,efficiency,Fabhalta,northeast,train,841995.27,815264.76,0.94,0.11,5.4,0.98
BM-20241014-Fab-so,2024-10-14,revenue,Fabhalta,south,train,593616.07,32985.51,1.01,0.05,5.7,0.92
BM-20241014-Fab-mi,2024-10-14,impact,Fabhalta,midwest,train,420638.98,183354.92,0.93,0.18,2.8,0.94
BM-20241014-Fab-we,2024-10-14,adoption,Fabhalta,west,train,92078.6,221210.38,0.87,0.26,2.7,0.92
BM-20241014-Kis-no,2024-10-14,impact,Kisqali,northeast,train,706680.43,1199353.45,1.18,0.15,4.8,0.95
BM-20241014-Kis-so,2024-10-14,revenue,Kisqali,south,train,169389.21,1154851.7,1.16,0.24,2.8,0.95
BM-20241014-Kis-mi,2024-10-14,revenue,Kisqali,midwest,train,862284.74,604103.22,1.04,-0.09,2.8,0.93
BM-20241014-Kis-we,2024-10-14,revenue,Kisqali,west,train,142184.36,473090.96,1.08,0.01,4.7,0.97
BM-20241021-Rem-no,2024-10-21,adoption,Remibrutinib,northeast,train,284797.22,1192867.21,1.12,0.01,3.5,0.91
BM-20241021-Rem-so,2024-10-21,adoption,Remibrutinib,south,train,194416.47,297425.05,1.05,0.23,4.6,0.96
BM-20241021-Rem-mi,2024-10-21,quality,Remibrutinib,midwest,train,966668.8,1030242.9,1.02,0.26,4.5,0.94
BM-20241021-Rem-we,2024-10-21,efficiency,Remibrutinib,west,train,475987.34,780391.07,0.77,-0.08,7.6,0.91
BM-20241021-Fab-no,2024-10-21,revenue,Fabhalta,northeast,train,302322.68,668295.51,0.95,-0.0,4.8,0.95
BM-20241021-Fab-so,2024-10-21,quality,Fabhalta,south,train,27665.23,115645.4,0.97,0.09,4.9,0.96
BM-20241021-Fab-mi,2024-10-21,efficiency,Fabhalta,midwest,train,647906.64,238241.31,1.17,0.27,2.9,0.93
BM-20241021-Fab-we,2024-10-21,impact,Fabhalta,west,train,233717.05,744918.85,0.77,-0.05,7.3,0.94
BM-20241021-Kis-no,2024-10-21,quality,Kisqali,northeast,train,772262.99,555345.78,0.83,0.08,4.0,0.91
BM-20241021-Kis-so,2024-10-21,revenue,Kisqali,south,train,661785.62,632581.45,1.14,-0.03,2.6,0.98
BM-20241021-Kis-mi,2024-10-21,impact,Kisqali,midwest,train,315921.74,1194407.71,0.81,0.05,5.2,0.95
BM-20241021-Kis-we,2024-10-21,quality,Kisqali,west,train,714389.07,648062.88,0.97,0.1,3.8,0.97
BM-20241028-Rem-no,2024-10-28,revenue,Remibrutinib,northeast,train,760539.1,958048.57,0.84,0.03,6.1,0.96
BM-20241028-Rem-so,2024-10-28,impact,Remibrutinib,south,train,774139.59,307202.16,1.03,0.22,3.9,0.97
BM-20241028-Rem-mi,2024-10-28,revenue,Remibrutinib,midwest,train,881655.41,697830.51,1.18,0.23,6.1,0.92
BM-20241028-Rem-we,2024-10-28,efficiency,Remibrutinib,west,train,248933.56,779578.62,0.73,0.3,7.6,0.93
BM-20241028-Fab-no,2024-10-28,revenue,Fabhalta,northeast,train,853652.28,859535.57,1.05,0.09,7.7,0.94
BM-20241028-Fab-so,2024-10-28,quality,Fabhalta,south,train,648396.25,637526.95,1.1,0.11,6.6,0.95
BM-20241028-Fab-mi,2024-10-28,quality,Fabhalta,midwest,train,223096.78,505903.95,1.16,0.25,7.2,0.93
BM-20241028-Fab-we,2024-10-28,efficiency,Fabhalta,west,train,782465.34,403715.03,1.09,-0.05,7.8,0.91
BM-20241028-Kis-no,2024-10-28,impact,Kisqali,northeast,train,341962.82,534299.63,0.81,0.15,7.8,0.9
BM-20241028-Kis-so,2024-10-28,impact,Kisqali,south,train,287976.73,268310.55,0.94,0.07,4.4,0.92
BM-20241028-Kis-mi,2024-10-28,impact,Kisqali,midwest,train,385282.15,999298.95,0.85,0.28,7.7,0.98
BM-20241028-Kis-we,2024-10-28,quality,Kisqali,west,train,574490.39,853980.06,0.98,0.15,6.9,0.97
BM-20241104-Rem-no,2024-11-04,revenue,Remibrutinib,northeast,train,53552.54,865947.21,0.76,0.22,2.6,0.92
BM-20241104-Rem-so,2024-11-04,impact,Remibrutinib,south,train,818827.27,806348.77,1.0,0.06,3.9,0.93
BM-20241104-Rem-mi,2024-11-04,efficiency,Remibrutinib,midwest,train,590311.7,142600.95,1.13,0.21,6.6,0.95
BM-20241104-Rem-we,2024-11-04,quality,Remibrutinib,west,train,450851.79,764472.83,1.09,0.3,2.1,0.95
BM-20241104-Fab-no,2024-11-04,revenue,Fabhalta,northeast,train,716040.93,762927.59,0.88,0.18,7.4,0.92
BM-20241104-Fab-so,2024-11-04,adoption,Fabhalta,south,train,488933.12,812964.12,1.02,0.25,6.3,0.95
BM-20241104-Fab-mi,2024-11-04,quality,Fabhalta,midwest,train,429303.77,848967.96,0.76,0.02,5.1,0.98
BM-20241104-Fab-we,2024-11-04,efficiency,Fabhalta,west,train,123817.36,162292.58,0.93,0.2,2.4,0.96
BM-20241104-Kis-no,2024-11-04,efficiency,Kisqali,northeast,train,213615.23,1132463.81,0.86,0.28,4.8,0.96
BM-20241104-Kis-so,2024-11-04,quality,Kisqali,south,train,502729.29,267020.92,1.15,0.21,2.8,0.97
BM-20241104-Kis-mi,2024-11-04,efficiency,Kisqali,midwest,train,536712.13,586296.18,0.72,0.17,2.1,0.96
BM-20241104-Kis-we,2024-11-04,impact,Kisqali,west,train,443227.3,124198.09,0.7,0.26,2.5,0.98
BM-20241111-Rem-no,2024-11-11,adoption,Remibrutinib,northeast,train,868776.87,50367.62,1.09,-0.07,6.0,0.95
BM-20241111-Rem-so,2024-11-11,revenue,Remibrutinib,south,train,486555.57,328077.53,0.9,0.25,7.9,0.95
BM-20241111-Rem-mi,2024-11-11,quality,Remibrutinib,midwest,train,834199.76,338444.9,0.78,0.24,7.5,0.91
BM-20241111-Rem-we,2024-11-11,revenue,Remibrutinib,west,train,753191.68,216779.77,1.08,0.05,4.5,0.96
BM-20241111-Fab-no,2024-11-11,adoption,Fabhalta,northeast,train,784808.04,886385.3,0.81,0.04,3.2,0.98
BM-20241111-Fab-so,2024-11-11,impact,Fabhalta,south,train,377997.76,186123.44,0.88,0.11,6.4,0.98
BM-20241111-Fab-mi,2024-11-11,quality,Fabhalta,midwest,train,214811.49,879214.69,0.94,0.12,2.6,0.9
BM-20241111-Fab-we,2024-11-11,quality,Fabhalta,west,train,184098.98,830958.89,1.03,0.02,4.8,0.93
BM-20241111-Kis-no,2024-11-11,quality,Kisqali,northeast,train,751672.73,1158685.28,0.74,0.17,2.5,0.95
BM-20241111-Kis-so,2024-11-11,impact,Kisqali,south,train,212563.47,494787.21,1.17,-0.06,5.4,0.92
BM-20241111-Kis-mi,2024-11-11,quality,Kisqali,midwest,train,340408.34,842172.34,0.83,0.13,6.6,0.95
BM-20241111-Kis-we,2024-11-11,revenue,Kisqali,west,train,633251.77,1006654.86,0.9,0.3,3.3,0.9
BM-20241118-Rem-no,2024-11-18,quality,Remibrutinib,northeast,train,208842.97,186935.35,1.16,0.22,2.3,0.96
BM-20241118-Rem-so,2024-11-18,quality,Remibrutinib,south,train,266386.96,542719.82,0.93,0.2,7.8,0.96
BM-20241118-Rem-mi,2024-11-18,revenue,Remibrutinib,midwest,train,872384.08,1009541.87,0.95,-0.06,6.4,0.93
BM-20241118-Rem-we,2024-11-18,adoption,Remibrutinib,west,train,874908.52,830074.45,0.94,0.15,6.0,0.92
BM-20241118-Fab-no,2024-11-18,quality,Fabhalta,northeast,train,371241.55,204708.51,1.16,0.25,6.6,0.95
BM-20241118-Fab-so,2024-11-18,impact,Fabhalta,south,train,751806.12,480191.92,0.93,0.18,4.0,0.93
BM-20241118-Fab-mi,2024-11-18,impact,Fabhalta,midwest,train,588922.72,927804.0,0.94,0.29,6.2,0.98
BM-20241118-Fab-we,2024-11-18,quality,Fabhalta,west,train,612894.23,727565.8,0.75,0.02,5.3,0.99
BM-20241118-Kis-no,2024-11-18,quality,Kisqali,northeast,train,19370.88,793376.57,0.99,-0.01,6.2,0.91
BM-20241118-Kis-so,2024-11-18,adoption,Kisqali,south,train,397183.93,692735.2,0.94,0.0,2.1,0.91
BM-20241118-Kis-mi,2024-11-18,quality,Kisqali,midwest,train,760266.2,1015503.07,0.84,0.04,4.9,0.96
BM-20241118-Kis-we,2024-11-18,impact,Kisqali,west,train,990917.48,638666.39,0.79,0.15,4.2,0.97
BM-20241125-Rem-no,2024-11-25,efficiency,Remibrutinib,northeast,train,798532.07,907172.61,0.94,0.17,7.4,0.93
BM-20241125-Rem-so,2024-11-25,impact,Remibrutinib,south,train,164945.89,275835.72,0.88,0.25,6.1,0.93
BM-20241125-Rem-mi,2024-11-25,quality,Remibrutinib,midwest,train,671499.09,1045507.29,1.15,-0.02,6.7,0.91
BM-20241125-Rem-we,2024-11-25,adoption,Remibrutinib,west,train,551468.6,1045676.4,0.79,0.27,6.8,0.93
BM-20241125-Fab-no,2024-11-25,adoption,Fabhalta,northeast,train,547736.17,535010.87,1.01,-0.06,6.4,0.92
BM-20241125-Fab-so,2024-11-25,impact,Fabhalta,south,train,652429.12,370880.1,1.17,0.06,6.0,0.98
BM-20241125-Fab-mi,2024-11-25,quality,Fabhalta,midwest,train,273421.81,343221.9,0.88,-0.09,6.1,0.98
BM-20241125-Fab-we,2024-11-25,adoption,Fabhalta,west,train,111681.31,26622.26,1.18,0.3,7.7,0.97
BM-20241125-Kis-no,2024-11-25,revenue,Kisqali,northeast,train,531072.02,73204.46,0.97,0.03,6.4,0.97
BM-20241125-Kis-so,2024-11-25,efficiency,Kisqali,south,train,752666.06,900401.14,0.87,-0.06,2.1,0.95
BM-20241125-Kis-mi,2024-11-25,revenue,Kisqali,midwest,train,11493.32,1086808.61,0.98,0.17,4.5,0.95
BM-20241125-Kis-we,2024-11-25,efficiency,Kisqali,west,train,261102.33,530761.52,0.99,0.08,6.9,0.97
BM-20241202-Rem-no,2024-12-02,quality,Remibrutinib,northeast,train,383158.52,998640.2,1.09,0.02,6.6,0.92
BM-20241202-Rem-so,2024-12-02,adoption,Remibrutinib,south,train,241630.58,983427.69,0.92,0.2,4.5,0.92
BM-20241202-Rem-mi,2024-12-02,quality,Remibrutinib,midwest,train,581385.53,1034833.85,0.78,0.25,6.2,0.98
BM-20241202-Rem-we,2024-12-02,adoption,Remibrutinib,west,train,506978.63,745116.12,0.74,-0.1,3.3,0.93
BM-20241202-Fab-no,2024-12-02,impact,Fabhalta,northeast,train,887207.72,606002.95,0.84,0.03,3.9,0.91
BM-20241202-Fab-so,2024-12-02,impact,Fabhalta,south,train,296894.49,393596.92,1.02,0.0,2.8,0.94
BM-20241202-Fab-mi,2024-12-02,impact,Fabhalta,midwest,train,483418.91,1092332.55,0.98,-0.03,2.5,0.93
BM-20241202-Fab-we,2024-12-02,impact,Fabhalta,west,train,491943.88,294947.79,1.19,0.05,5.4,0.97
BM-20241202-Kis-no,2024-12-02,efficiency,Kisqali,northeast,train,584794.28,733700.44,0.75,0.2,4.9,0.96
BM-20241202-Kis-so,2024-12-02,quality,Kisqali,south,train,441478.74,257908.21,0.92,0.11,4.1,0.94
BM-20241202-Kis-mi,2024-12-02,efficiency,Kisqali,midwest,train,510905.51,720782.18,1.04,0.26,7.2,0.94
BM-20241202-Kis-we,2024-12-02,adoption,Kisqali,west,train,122099.17,763621.46,0.97,0.28,3.6,0.97
BM-20241209-Rem-no,2024-12-09,impact,Remibrutinib,northeast,train,933378.85,91456.35,0.92,0.24,3.9,0.93
BM-20241209-Rem-so,2024-12-09,efficiency,Remibrutinib,south,train,482696.93,587796.49,0.82,0.16,2.5,0.92
BM-20241209-Rem-mi,2024-12-09,efficiency,Remibrutinib,midwest,train,520061.16,541585.03,0.89,0.23,6.7,0.98
BM-20241209-Rem-we,2024-12-09,revenue,Remibrutinib,west,train,928495.23,910805.32,1.12,0.09,4.2,0.95
BM-20241209-Fab-no,2024-12-09,impact,Fabhalta,northeast,train,849860.32,276815.93,1.07,0.23,2.2,0.97
BM-20241209-Fab-so,2024-12-09,revenue,Fabhalta,south,train,330450.48,29569.9,0.84,0.2,4.6,0.93
BM-20241209-Fab-mi,2024-12-09,impact,Fabhalta,midwest,train,370677.26,53414.18,1.06,-0.07,3.3,0.93
BM-20241209-Fab-we,2024-12-09,adoption,Fabhalta,west,train,297545.37,163936.78,1.03,0.25,2.6,0.91
BM-20241209-Kis-no,2024-12-09,impact,Kisqali,northeast,train,241950.03,1126217.76,1.16,0.21,6.6,0.93
BM-20241209-Kis-so,2024-12-09,adoption,Kisqali,south,train,378140.7,952849.47,1.14,0.05,7.7,0.93
BM-20241209-Kis-mi,2024-12-09,impact,Kisqali,midwest,train,673840.66,38861.71,0.9,0.22,5.0,0.97
BM-20241209-Kis-we,2024-12-09,revenue,Kisqali,west,train,598467.1,1100728.87,0.96,0.12,6.6,0.93
BM-20241216-Rem-no,2024-12-16,quality,Remibrutinib,northeast,train,509204.85,1033583.44,0.77,0.18,4.9,0.92
BM-20241216-Rem-so,2024-12-16,quality,Remibrutinib,south,train,255075.44,711767.77,0.93,-0.01,5.8,0.95
BM-20241216-Rem-mi,2024-12-16,adoption,Remibrutinib,midwest,train,868962.97,1016969.23,0.91,0.13,5.9,0.99
BM-20241216-Rem-we,2024-12-16,impact,Remibrutinib,west,train,812309.44,1116970.54,1.19,0.22,6.5,0.96
BM-20241216-Fab-no,2024-12-16,efficiency,Fabhalta,northeast,train,284666.98,446102.81,0.72,0.18,5.6,0.91
BM-20241216-Fab-so,2024-12-16,impact,Fabhalta,south,train,895768.33,879260.48,1.19,0.2,6.1,0.9
BM-20241216-Fab-mi,2024-12-16,quality,Fabhalta,midwest,train,616032.38,857144.27,1.04,-0.04,4.1,0.94
BM-20241216-Fab-we,2024-12-16,adoption,Fabhalta,west,train,352175.4,472186.14,0.71,0.15,6.0,0.97
BM-20241216-Kis-no,2024-12-16,quality,Kisqali,northeast,train,504876.44,95209.99,0.92,-0.02,5.3,0.97
BM-20241216-Kis-so,2024-12-16,quality,Kisqali,south,train,172944.54,964832.87,0.86,-0.06,7.3,0.97
BM-20241216-Kis-mi,2024-12-16,impact,Kisqali,midwest,train,465749.62,55644.28,0.95,0.1,2.0,0.93
BM-20241216-Kis-we,2024-12-16,efficiency,Kisqali,west,train,767166.09,833458.87,1.1,0.05,6.4,0.93
BM-20241223-Rem-no,2024-12-23,quality,Remibrutinib,northeast,train,150515.83,633064.86,1.14,0.28,2.2,0.94
BM-20241223-Rem-so,2024-12-23,revenue,Remibrutinib,south,train,355708.7,960042.52,1.13,0.06,4.5,0.92
BM-20241223-Rem-mi,2024-12-23,adoption,Remibrutinib,midwest,train,539382.01,391322.9,0.97,0.12,6.7,0.97
BM-20241223-Rem-we,2024-12-23,adoption,Remibrutinib,west,train,488670.08,1134043.03,1.17,-0.01,5.4,0.97
BM-20241223-Fab-no,2024-12-23,adoption,Fabhalta,northeast,train,120522.7,1174550.72,1.06,-0.03,2.5,0.94
BM-20241223-Fab-so,2024-12-23,quality,Fabhalta,south,train,248920.5,1046893.36,0.91,-0.02,2.2,0.99
BM-20241223-Fab-mi,2024-12-23,efficiency,Fabhalta,midwest,train,535387.94,54506.86,0.98,0.17,5.0,0.99
BM-20241223-Fab-we,2024-12-23,quality,Fabhalta,west,train,780580.1,919106.41,1.16,0.07,3.0,0.95
BM-20241223-Kis-no,2024-12-23,quality,Kisqali,northeast,train,342612.42,505309.68,1.17,0.09,4.2,0.98
BM-20241223-Kis-so,2024-12-23,impact,Kisqali,south,train,362169.17,944824.5,1.07,0.2,4.0,0.91
BM-20241223-Kis-mi,2024-12-23,revenue,Kisqali,midwest,train,325266.9,897884.33,1.02,0.26,4.9,0.96
BM-20241223-Kis-we,2024-12-23,efficiency,Kisqali,west,train,977448.42,362991.95,0.79,0.18,6.8,0.95
BM-20241230-Rem-no,2024-12-30,impact,Remibrutinib,northeast,train,740014.52,664525.23,0.71,0.12,3.9,0.93
BM-20241230-Rem-so,2024-12-30,quality,Remibrutinib,south,train,159736.16,420995.51,0.95,0.2,6.7,0.96
BM-20241230-Rem-mi,2024-12-30,revenue,Remibrutinib,midwest,train,531130.95,196205.46,1.17,-0.09,3.7,0.93
BM-20241230-Rem-we,2024-12-30,quality,Remibrutinib,west,train,737790.95,1124538.54,0.85,-0.0,4.4,0.9
BM-20241230-Fab-no,2024-12-30,revenue,Fabhalta,northeast,train,433841.01,821429.89,0.76,0.04,4.2,0.93
BM-20241230-Fab-so,2024-12-30,quality,Fabhalta,south,train,98439.17,782765.94,0.71,0.01,6.0,0.93
BM-20241230-Fab-mi,2024-12-30,revenue,Fabhalta,midwest,train,51016.94,997672.88,0.87,0.02,7.7,0.95
BM-20241230-Fab-we,2024-12-30,adoption,Fabhalta,west,train,138821.85,580905.86,0.9,0.26,5.7,0.9
BM-20241230-Kis-no,2024-12-30,quality,Kisqali,northeast,train,317067.33,950715.04,1.01,0.03,5.9,0.97
BM-20241230-Kis-so,2024-12-30,impact,Kisqali,south,train,945979.3,1105572.47,0.81,0.16,3.3,0.92
BM-20241230-Kis-mi,2024-12-30,efficiency,Kisqali,midwest,train,492366.16,1046930.81,0.85,0.03,5.1,0.97
BM-20241230-Kis-we,2024-12-30,quality,Kisqali,west,train,47997.67,879516.3,0.82,-0.07,6.6,0.93
BM-20250106-Rem-no,2025-01-06,adoption,Remibrutinib,northeast,train,268028.38,781581.05,1.14,0.15,7.0,0.94
BM-20250106-Rem-so,2025-01-06,adoption,Remibrutinib,south,train,674481.57,56733.28,0.72,-0.09,4.1,0.95
BM-20250106-Rem-mi,2025-01-06,impact,Remibrutinib,midwest,train,27996.44,846248.82,1.14,0.19,7.2,0.95
BM-20250106-Rem-we,2025-01-06,quality,Remibrutinib,west,train,500857.06,211374.39,0.86,0.02,6.1,0.93
BM-20250106-Fab-no,2025-01-06,quality,Fabhalta,northeast,train,60420.38,701766.27,1.17,-0.02,5.0,0.9
BM-20250106-Fab-so,2025-01-06,impact,Fabhalta,south,train,506074.3,152111.91,0.9,0.06,5.2,0.95
BM-20250106-Fab-mi,2025-01-06,adoption,Fabhalta,midwest,train,894384.6,287339.96,1.01,0.02,5.6,0.96
BM-20250106-Fab-we,2025-01-06,impact,Fabhalta,west,train,104970.84,79759.19,0.89,0.03,7.6,0.93
BM-20250106-Kis-no,2025-01-06,adoption,Kisqali,northeast,train,375995.51,289486.48,0.78,0.04,4.5,0.91
BM-20250106-Kis-so,2025-01-06,quality,Kisqali,south,train,597568.89,551127.55,0.79,0.25,6.7,0.98
BM-20250106-Kis-mi,2025-01-06,impact,Kisqali,midwest,train,361108.79,605333.3,1.07,0.13,3.9,0.93
BM-20250106-Kis-we,2025-01-06,revenue,Kisqali,west,train,559819.25,762580.98,1.02,0.15,4.7,0.94
BM-20250113-Rem-no,2025-01-13,adoption,Remibrutinib,northeast,train,655508.73,121118.49,0.87,0.1,7.6,0.9
BM-20250113-Rem-so,2025-01-13,efficiency,Remibrutinib,south,train,180764.76,1126320.0,1.11,0.01,7.4,0.92
BM-20250113-Rem-mi,2025-01-13,revenue,Remibrutinib,midwest,train,897687.85,409567.61,1.12,0.0,2.6,0.92
BM-20250113-Rem-we,2025-01-13,efficiency,Remibrutinib,west,train,291089.59,423826.91,1.03,0.2,2.9,0.98
BM-20250113-Fab-no,2025-01-13,quality,Fabhalta,northeast,train,741155.01,353680.65,1.19,0.0,6.0,0.98
BM-20250113-Fab-so,2025-01-13,revenue,Fabhalta,south,train,836871.9,1119451.71,1.11,0.12,3.5,0.95
BM-20250113-Fab-mi,2025-01-13,quality,Fabhalta,midwest,train,143686.61,729484.38,1.11,0.22,4.7,0.95
BM-20250113-Fab-we,2025-01-13,efficiency,Fabhalta,west,train,738583.27,385263.19,0.79,0.09,4.5,0.96
BM-20250113-Kis-no,2025-01-13,quality,Kisqali,northeast,train,288504.75,815910.13,0.86,0.0,6.6,0.92
BM-20250113-Kis-so,2025-01-13,adoption,Kisqali,south,train,440977.24,161909.42,0.88,0.01,4.0,0.93
BM-20250113-Kis-mi,2025-01-13,revenue,Kisqali,midwest,train,561416.72,184903.38,1.17,0.19,7.0,0.92
BM-20250113-Kis-we,2025-01-13,efficiency,Kisqali,west,train,939465.5,1037760.1,0.88,-0.07,2.1,0.96
